IPO Name,Issue Open Date,Issue Close Date,Listing Date,Listing Exchange,Issue Price (Rs),Listing Price (Rs),Listing Gain (%),GMP ,Retail Subscription,NII Subscription,QIB Subscription,Issue Size (Rs.cr),Revenue (Rs),Profit (Rs),EPS,Promoter Holding (%),Lead Manager,Label,upper_price,lower_price,no_of_shares_cr,Year,IPO_Duration,Price_Band_Width,log_Issue_Size,Sub_Strength,Recommendation
Narayana Hrudayalaya Ltd. IPO,2015-12-17,2015-12-21,2016-01-06,"BSE, NSE",250,291.0,16.4,41.0,1.89,3.62,24.43,613.08,1373.19,-12.11,Negative,35.09,Axis Bank,0.0,0,0,0,2015,4,0,6.420125212819335,13.679,Apply
Alkem Laboratories Ltd. IPO,2015-12-08,2015-12-10,2015-12-23,"BSE, NSE",1050,1380.0,31.43,330.0,4.24,61.28,63.56,0.0,3964.2,460.75,38.54,53.8,Axis Capital,0.0,0,0,0,2015,2,0,0.0,51.012,Apply
Dr.Lal PathLabs Ltd. IPO,2015-12-08,2015-12-10,2015-12-23,"BSE, NSE",550,720.0,30.91,170.0,3.17,129.96,57.19,631.91,660,94,11.48,58.7,Citigroup Global,0.0,0,0,0,2015,2,0,6.4503282319408415,68.217,Apply
S H Kelkar & Co.Ltd. IPO,2015-10-28,2015-10-30,2015-11-16,"BSE, NSE",180,222.0,23.33,42.0,1.98,87.38,25.55,508.17,832.41,63.88,5.34,71.72,JM Financial,0.0,0,0,0,2015,2,0,6.232781949001056,39.385,Apply
InterGlobe Aviation Ltd. IPO,2015-10-27,2015-10-29,2015-11-10,"BSE, NSE",765,856.0,11.9,91.0,0.92,3.57,17.8,0.0,13924.47,1295.58,0,85.9,Barclays Securities,0.0,0,0,0,2015,2,0,0.0,10.155,Apply
Coffee Day Enterprises Ltd. IPO,2015-10-14,2015-10-16,2015-11-02,"BSE, NSE",328,313.0,-4.57,-15.0,0.9,0.54,4.39,0.0,2429.21,119.89,5.76,53.86,Axis Bank,0.0,0,0,0,2015,2,0,0.0,2.537,Avoid
Sadbhav Infrastructure Project Ltd. IPO,2015-08-31,2015-09-02,2015-09-16,"BSE, NSE",103,111.0,7.77,8.0,0.34,1.42,0.88,491.66,489.26,-2126.33,Negative,73.91,Edelweiss Financial,0.0,0,0,0,2015,2,0,6.199819280948752,0.934,Avoid
Prabhat Dairy Ltd. IPO,2015-08-28,2015-09-04,2015-09-21,"BSE, NSE",115,115.0,0.0,0.0,1.69,1.66,3.04,356.19,1023.77,45.45,4.86,50.59,Edelweiss Financial,0.0,0,0,0,2015,7,0,5.878267853089746,2.356,Avoid
Shree Pushkar Chemicals & Fertilisers Ltd. IPO,2015-08-25,2015-08-27,2015-09-10,"BSE, NSE",65,87.5,34.62,22.5,0.41,1.44,2.2,70.0,277.63,29.56,13.06,69.76,Keynote Financial,0.0,0,0,0,2015,2,0,4.262679877041316,1.614,Apply
Pennar Engineered Building Systems Ltd. IPO,2015-08-25,2015-08-27,2015-09-10,"BSE, NSE",178,177.95,-0.03,-0.0500000000000114,1.54,2.09,0.97,156.19,599.41,35.78,4.09,52.28,Axis Bank,0.0,0,0,0,2015,2,0,5.057455264740146,1.42,Avoid
Navkar Corp.Ltd. IPO,2015-08-24,2015-08-26,2015-09-09,"BSE, NSE",155,152.0,-1.94,-3.0,1.62,0.9,6.47,600.0,338.56,73.19,5.48,70.62,Axis Bank,0.0,0,0,0,2015,2,0,6.398594934535208,3.829,Avoid
Power Mech Projects Ltd. IPO,2015-08-07,2015-08-11,2015-08-26,"BSE, NSE",640,600.0,-6.25,-40.0,3.42,133.22,27.53,273.22,1842.27,100.29,36.31,77.67,IIFL Capital,0.0,0,0,0,2015,4,0,5.613930703928509,54.415,Avoid
Syngene International Ltd. IPO,2015-07-27,2015-07-29,2015-08-11,"BSE, NSE",250,295.0,18.0,45.0,4.78,90.24,51.47,550.0,853.51,158.05,8.8,74.65,Axis Bank,0.0,0,0,0,2015,2,0,6.311734809152915,53.763000000000005,Apply
Manpasand Beverages Ltd. IPO,2015-06-24,2015-06-26,2015-07-09,"BSE, NSE",320,291.0,-9.06,-29.0,1.16,0.38,1.98,400.0,556.76,45.19,11.23,56.66,ICICI Securities,0.0,0,0,0,2015,2,0,5.993961427306569,1.336,Avoid
PNC Infratech Ltd. IPO,2015-05-08,2015-05-12,2015-05-26,"BSE, NSE",378,387.0,2.38,9.0,0.28,0.65,4.51,488.44,1489.15,85.57,3.12,62.72,ICICI Securities,0.0,0,0,0,2015,4,0,6.193261880402593,2.506,Neutral
UFO Moviez India Ltd. IPO,2015-04-28,2015-04-30,2015-05-14,"BSE, NSE",625,630.0,0.8,5.0,1.02,1.17,4.49,600.0,479.34,48.81,0,61.46,Axis Bank,0.0,0,0,0,2015,2,0,6.398594934535208,2.8000000000000003,Neutral
MEP Infrastructure Developers Ltd. IPO,2015-04-21,2015-04-23,2015-05-06,"BSE, NSE",63,65.0,3.17,2.0,0.97,1.51,1.02,324.0,1811.23,54.34,1.94,53.72,IDBI Capital Markets,0.0,0,0,0,2015,2,0,5.783825182329737,1.157,Avoid
VRL Logistics Ltd. IPO,2015-04-15,2015-04-17,2015-04-30,"BSE, NSE",205,288.0,40.49,83.0,7.92,250.86,58.22,467.88,1600.27,78.49,9.4,69.8,HSBC Securities,0.0,0,0,0,2015,2,0,6.150346872168174,105.952,Apply
Inox Wind Ltd. IPO,2015-03-18,2015-03-20,2015-04-09,"BSE, NSE",325,400.0,23.08,75.0,2.15,35.38,35.68,0.0,3197.66,321.19,19.33,73.1,Axis Bank,0.0,0,0,0,2015,2,0,0.0,28.884,Apply
Adlabs Entertainment Ltd. IPO,2015-03-10,2015-03-12,2015-04-06,"BSE, NSE",180,215.0,19.44,35.0,1.3,0.69,1.17,374.59,150.81,-77.42,Negative,53.54,Centrum Capital,0.0,0,0,0,2015,2,0,5.928498122911523,1.052,Apply
Ortel Communications Ltd. IPO,2015-03-03,2015-03-05,2015-03-19,"BSE, NSE",181,160.0,-11.6,-21.0,0.39,0.09,1.0,173.65,185.06,11.02,1.83,62,Kotak Mahindra Capital,0.0,0,0,0,2015,2,0,5.162783971252841,0.605,Avoid
Laurus Labs Ltd. IPO,2016-12-06,2016-12-08,2016-12-19,"BSE, NSE",428,489.0,14.25,61.0,1.58,3.57,10.54,0.0,"1,784.00",133.00,13.40,30.60,Citigroup Global,0.0,0,0,0,2016,2,0,0.0,6.656999999999999,Apply
Sheela Foam Ltd. IPO,2016-11-29,2016-12-01,2016-12-09,"BSE, NSE",730,840.0,15.07,110.0,0.44,3.35,14.51,510.0,"1,555.00",161.00,18.33,51.09,Edelweiss Financial,0.0,0,0,0,2016,2,0,6.236369590203704,8.347999999999999,Apply
Varun Beverages Ltd. IPO,2016-10-26,2016-10-28,2016-11-08,"BSE, NSE",445,445.0,0.0,0.0,0.82,0.42,4.94,0.0,"3,371.74",92.67,5.39,70.81,Axis Capital,0.0,0,0,0,2016,2,0,0.0,2.76,Avoid
PNB Housing Finance Ltd. IPO,2016-10-25,2016-10-27,2016-11-07,"BSE, NSE",775,860.0,10.97,85.0,1.32,86.17,37.33,0.0,"2,697.00",326.00,21.57,38.31,BOFA Securities,0.0,0,0,0,2016,2,0,0.0,44.78,Apply
Endurance Technologies Ltd. IPO,2016-10-05,2016-10-07,2016-10-19,"BSE, NSE",472,1200.0,154.24,728.0,2.69,127.07,53.43,0.0,"4,849.00",291.00,20.73,74.55,Axis Capital,0.0,0,0,0,2016,2,0,0.0,65.374,Apply
HPL Electric & Power Ltd. IPO,2016-09-22,2016-09-26,2016-10-04,"BSE, NSE",202,190.0,-5.94,-12.0,3.31,22.2,5.77,361.0,"1,114.00",46.00,10.03,40.52,ICICI Securities,0.0,0,0,0,2016,4,0,5.891644211825772,10.207,Avoid
ICICI Prudential Life Insurance Co.Ltd. IPO,2016-09-19,2016-09-21,2016-09-29,"BSE, NSE",334,330.0,-1.2,-4.0,1.42,28.55,11.83,0.0,"20,314.00","1,653.00",11.54,67.58,BOFA Securities,0.0,0,0,0,2016,2,0,0.0,14.764,Avoid
GNA Axles Ltd. IPO,2016-09-14,2016-09-16,2016-09-26,"BSE, NSE",207,262.5,26.81,55.5,11.84,217.47,17.18,130.41,505.47,30.07,14.16,57.77,Ambit,0.0,0,0,0,2016,2,0,4.878322206655547,76.199,Apply
L&T Technology Services Ltd. IPO,2016-09-12,2016-09-15,2016-09-23,"BSE, NSE",860,920.0,6.98,60.0,1.74,1.03,5.01,894.4,"3,267.80",477.30,47.34,83.43,BOFA Securities,0.0,0,0,0,2016,3,0,6.797270545806865,3.162,Neutral
RBL Bank Ltd. IPO,2016-08-19,2016-08-23,2016-08-31,"BSE, NSE",225,274.0,21.78,49.0,5.7,198.06,85.08,0.0,"3,234.80",292.00,7.73,0.00,Axis Bank,0.0,0,0,0,2016,4,0,0.0,103.098,Apply
S.P.Apparels Ltd. IPO,2016-08-02,2016-08-04,2016-08-12,"BSE, NSE",268,265.0,-1.12,-3.0,1.9,5.1,2.21,239.12,548.00,32.00,14.16,62.64,Centrum Capital,0.0,0,0,0,2016,2,0,5.481138798383642,3.015,Avoid
Dilip Buildcon Ltd. IPO,2016-08-01,2016-08-03,2016-08-11,"BSE, NSE",219,214.9,-1.87,-4.09999999999999,2.35,79.64,9.76,653.98,"4,385.74",268.32,33.62,75.00,Axis Capital,0.0,0,0,0,2016,2,0,6.484604700817924,29.242,Avoid
Advanced Enzyme Technologies Ltd. IPO,2016-07-20,2016-07-22,2016-08-01,"BSE, NSE",896,841.0,-6.14,-55.0,11.67,393.1,94.03,411.49,278.41,78.00,7.47,43.95,Axis Capital,0.0,0,0,0,2016,2,0,6.022211963056641,167.279,Avoid
Larsen & Toubro Infotech Ltd. IPO (L&T Infotech IPO),2016-07-11,2016-07-13,2016-07-21,"BSE, NSE",710,710.0,0.0,0.0,7.39,10.76,19.91,0.0,"5,851.80",923.60,54.88,84.66,Citigroup Global,0.0,0,0,0,2016,2,0,0.0,14.661,Avoid
Quess Corp Ltd. IPO,2016-06-29,2016-07-01,2016-07-12,"BSE, NSE",317,499.0,57.41,182.0,31.23,392.21,59.02,400.0,"3,442.50",105.50,13.88,74.88,Axis Capital,0.0,0,0,0,2016,2,0,5.993961427306569,153.41899999999998,Apply
Mahanagar Gas Ltd. IPO,2016-06-21,2016-06-23,2016-07-01,"BSE, NSE",421,520.0,23.52,99.0,6.82,191.61,72.84,0.0,"2,126.00",306.40,31.02,32.50,Citigroup Global,0.0,0,0,0,2016,2,0,0.0,95.267,Apply
Parag Milk Foods Ltd. IPO,2016-05-04,2016-05-11,2016-05-19,"BSE, NSE",215,215.0,0.0,0.0,2.12,3.08,1.15,750.54,"1,407.95",65.80,6.97,46.61,Dam Capital,0.0,0,0,0,2016,7,0,6.622124434656104,1.923,Avoid
Ujjivan Financial Services Ltd. IPO,2016-04-28,2016-05-02,2016-05-10,"BSE, NSE",210,231.7,10.33,21.7,4.02,135.45,33.84,882.5,"1,057.00",207.90,20.06,44.59,Axis Capital,0.0,0,0,0,2016,4,0,6.783891291759751,58.359,Apply
Thyrocare Technologies Ltd. IPO,2016-04-27,2016-04-29,2016-05-09,"BSE, NSE",446,660.0,47.98,214.0,8.73,225.3,73.18,479.21,250.00,51.20,8.77,65.25,Edelweiss Financial,0.0,0,0,0,2016,2,0,6.174223508226715,105.926,Apply
Equitas Holdings Ltd. IPO,2016-04-05,2016-04-07,2016-04-21,"BSE, NSE",110,145.0,31.82,35.0,1.4,57.29,14.93,0.0,"1,110.93",106.33,3.17,2.50,Axis Bank,0.0,0,0,0,2016,2,0,0.0,24.932,Apply
Infibeam Incorporation Ltd. IPO,2016-03-21,2016-03-23,2016-04-04,"BSE, NSE",432,43.2,-90.0,-388.8,1.31,2.23,0.86,450.0,288.75,31.39,3.59,40.64,Elara Capital,0.0,0,0,0,2016,2,0,6.111467339502679,1.361,Avoid
Bharat Wire Ropes Ltd. IPO,2016-03-18,2016-03-22,2016-04-01,"BSE, NSE",45,48.5,7.78,3.5,2.08,2.02,1.01,70.0,476.99,30.22,12.33,46.20,BOB Capital Markets,0.0,0,0,0,2016,4,0,4.262679877041316,1.527,Avoid
Healthcare Global Enterprises Ltd. IPO,2016-03-16,2016-03-18,2016-03-30,"BSE, NSE",218,210.0,-3.67,-8.0,0.83,0.43,2.36,649.64,599.93,-10.82,Negative,44.82,Edelweiss Financial,0.0,0,0,0,2016,2,0,6.47795649385852,1.475,Avoid
Quick Heal Technologies Ltd. IPO,2016-02-08,2016-02-10,2016-02-18,"BSE, NSE",321,310.0,-3.43,-11.0,3.82,36.69,4.34,451.25,298.67,65.73,12.56,83.20,ICICI Securities,0.0,0,0,0,2016,2,0,6.114235124275405,13.941,Avoid
TeamLease Services Ltd. IPO,2016-02-02,2016-02-04,2016-02-12,"BSE, NSE",850,905.0,6.47,55.0,10.61,185.24,26.97,423.68,"2,000.75",35.00,20.69,33.70,Credit Suisse Securities,0.0,0,0,0,2016,2,0,6.0513359441453725,71.179,Apply
Precision Camshafts Ltd. IPO,2016-01-27,2016-01-29,2016-02-08,"BSE, NSE",186,185.0,-0.54,-1.0,2.01,0.73,2.62,410.19,544.11,48.24,5.16,58.11,HDFC Bank,0.0,0,0,0,2016,2,0,6.019055394779095,1.931,Avoid
Astron Paper & Board Mill Ltd. IPO,2017-12-15,2017-12-20,2017-12-29,"BSE, NSE",50,114.0,128.0,64.0,73.32,396.99,103.35,69.83,373.91,27.64,10.64,33.43,Pantomath Capital,0.0,0,0,0,2017,5,0,4.260282639765531,185.436,Apply
Future Supply Chain Solutions Ltd. IPO,2017-12-06,2017-12-08,2017-12-18,"BSE, NSE",664,664.0,0.0,0.0,3.28,11.15,12.36,649.7,661.34,44.75,11.45,56.62,IDFC Bank,0.0,0,0,0,2017,2,0,6.478048706500939,10.181,Avoid
Shalby Ltd. IPO,2017-12-05,2017-12-07,2017-12-15,"BSE, NSE",248,248.0,0.0,0.0,2.98,0.42,4.34,504.8,371.36,60.15,6.05,88.08,Edelweiss Financial,0.0,0,0,0,2017,2,0,6.226141334235865,2.892,Avoid
HDFC Standard Life Insurance Co.Ltd. IPO,2017-11-07,2017-11-09,2017-11-17,"BSE, NSE",290,317.0,9.31,27.0,0.91,2.29,16.6,0.0,19438.35,877.01,4.44,75.3,CLSA,0.0,0,0,0,2017,2,0,0.0,9.169,Neutral
Khadim India Ltd. IPO,2017-11-02,2017-11-06,2017-11-14,"BSE, NSE",750,750.0,0.0,0.0,2.34,0.18,2.45,543.06,622.11,37,9.38,78.43,Axis Bank,0.0,0,0,0,2017,4,0,6.299059534891641,1.747,Avoid
"New India Assurance Co.Ltd.,The IPO",2017-11-01,2017-11-03,2017-11-13,"BSE, NSE",800,800.0,0.0,0.0,0.11,0.11,2.34,0.0,25273.65,1942.5,6.52,85.44,Axis Bank,0.0,0,0,0,2017,2,0,0.0,1.225,Avoid
Mahindra Logistics Ltd. IPO,2017-10-31,2017-11-02,2017-11-10,"BSE, NSE",429,432.0,0.7,3.0,6.1,2.07,15.6,828.88,2752.54,47.38,6.2,70.78,Axis Bank,0.0,0,0,0,2017,2,0,6.721281112024939,9.641,Neutral
Reliance Nippon Life Asset Management Ltd. IPO,2017-10-25,2017-10-27,2017-11-06,"BSE, NSE",252,259.0,2.78,7.0,5.65,209.44,118.4,0.0,1581.56,398.24,6.5,86.84,Axis Capital,0.0,0,0,0,2017,2,0,0.0,123.162,Apply
General Insurance Corp.of India IPO (GIC IPO),2017-10-11,2017-10-13,2017-10-25,"BSE, NSE",912,850.0,-6.8,-62.0,0.63,0.22,2.25,0.0,27872.41,3124.96,17.61,85.8,Axis Capital,0.0,0,0,0,2017,2,0,0.0,1.3170000000000002,Avoid
Indian Energy Exchange Ltd. IPO,2017-10-09,2017-10-11,2017-10-23,"BSE, NSE",1650,1650.0,0.0,0.0,2.61,0.85,2.56,0.0,227.18,134.4,12.56,0,Axis Bank,0.0,0,0,0,2017,2,0,0.0,2.0570000000000004,Avoid
MAS Financial Services Ltd. IPO,2017-10-06,2017-10-10,2017-10-18,"BSE, NSE",459,471.0,2.61,12.0,15.97,378.53,148.33,460.04,365.25,68.91,13.6,77.29,Motilal Oswal Investment,0.0,0,0,0,2017,4,0,6.133484807128411,190.918,Apply
Godrej Agrovet Ltd. IPO,2017-10-04,2017-10-06,2017-10-16,"BSE, NSE",460,621.0,35.0,161.0,7.16,236.04,150.96,0.0,4960.98,265.86,14.92,65.5,Axis Capital,0.0,0,0,0,2017,2,0,0.0,147.724,Apply
Prataap Snacks Ltd. IPO,2017-09-22,2017-09-26,2017-10-05,"BSE, NSE",938,1325.0,41.26,387.0,8.48,101.15,76.89,481.6,932.9,25.12,13.84,52.88,Edelweiss Financial,0.0,0,0,0,2017,4,0,6.179188153190932,70.48599999999999,Apply
SBI Life Insurance Co.Ltd. IPO,2017-09-20,2017-09-22,2017-10-03,"BSE, NSE",700,733.3,4.76,33.3,0.81,0.7,12.56,0.0,32863.07,954.67,9.55,70.1,Axis Capital,0.0,0,0,0,2017,2,0,0.0,6.652,Neutral
ICICI Lombard General Insurance Co.Ltd. IPO,2017-09-15,2017-09-19,2017-09-27,"BSE, NSE",661,661.0,0.0,0.0,1.23,0.83,8.17,0.0,7180,642,14.28,86.5,CLSA,0.0,0,0,0,2017,4,0,0.0,4.58,Avoid
Capacit'e Infraprojects Ltd. IPO,2017-09-13,2017-09-15,2017-09-25,"BSE, NSE",250,399.0,59.6,149.0,17.57,638.05,131.32,400.0,1643.34,74.06,14.99,59.88,Axis Capital,0.0,0,0,0,2017,2,0,5.993961427306569,260.589,Apply
Matrimony.com Ltd. IPO,2017-09-11,2017-09-13,2017-09-21,"BSE, NSE",985,985.0,0.0,0.0,18.16,0.41,1.88,496.88,292,43.5,18.17,58.11,Axis Capital,0.0,0,0,0,2017,2,0,6.210359084132777,4.695,Avoid
Dixon Technologies (India) Ltd. IPO,2017-09-06,2017-09-08,2017-09-18,"BSE, NSE",1766,2760.0,56.29,994.0,5.69,1.63,1.33,599.28,1691.01,45.42,48.85,53.68,IDFC Bank,0.0,0,0,0,2017,2,0,6.397396213027789,2.292,Apply
Bharat Road Network Ltd. IPO,2017-09-06,2017-09-08,2017-09-18,"BSE, NSE",205,210.0,2.44,5.0,10.6,345.61,134.66,600.65,130.4,-152.82,Negative,60.12,Investec Capital,0.0,0,0,0,2017,2,0,6.399675880884171,173.133,Apply
Apex Frozen Foods Ltd. IPO,2017-08-22,2017-08-24,2017-09-04,"BSE, NSE",175,185.0,5.71,10.0,8.53,7.82,1.91,152.25,730,49.37,13.04,74.88,Karvy Investor Services,0.0,0,0,0,2017,2,0,5.032070574816321,5.007,Neutral
Cochin Shipyard Ltd. IPO,2017-08-01,2017-08-03,2017-08-11,"BSE, NSE",432,490.0,13.43,58.0,8.51,288.87,63.51,0.0,2128.53,311.08,24.51,75,Edelweiss Financial,0.0,0,0,0,2017,2,0,0.0,120.118,Apply
Security & Intelligence Services (India) Ltd. IPO (SIS IPO),2017-07-31,2017-08-02,2017-08-10,"BSE, NSE",815,875.0,7.36,60.0,19.51,1.66,5.64,779.58,4582.52,148.8,15.54,69.34,Axis Capital,0.0,0,0,0,2017,2,0,6.660037233101347,7.220000000000001,Neutral
Salasar Techno Engineering Ltd. IPO,2017-07-12,2017-07-17,2017-07-25,"BSE, NSE",108,250.0,131.48,142.0,58.92,478.39,0.0,35.95,290,24.5,6.48,64.9,Sarthi Capital,0.0,0,0,0,2017,5,0,3.609565647394211,155.301,Apply
AU Small Finance Bank Ltd. IPO,2017-06-28,2017-06-30,2017-07-10,"BSE, NSE",358,375.0,4.75,17.0,3.52,143.51,78.77,0.0,1363.88,277.12,10.6,31.97,Citigroup Global,0.0,0,0,0,2017,2,0,0.0,83.14199999999998,Apply
GTPL Hathway Ltd. IPO,2017-06-21,2017-06-23,2017-07-04,"BSE, NSE",170,100.0,-41.18,-70.0,0.99,2.85,1.48,484.8,1324.96,45.09,5.53,75.33,BNP Paribas,0.0,0,0,0,2017,2,0,6.185797016568072,1.793,Avoid
Central Depository Services (India) Ltd. IPO (CDSL IPO),2017-06-19,2017-06-21,2017-06-30,NSE,149,295.0,97.99,146.0,23.83,563.03,148.71,523.99,185.08,85.5,7.86,24,Axis Capital,0.0,0,0,0,2017,2,0,6.263379214791168,248.03,Apply
Eris Lifesciences Ltd. IPO,2017-06-16,2017-06-20,2017-06-29,"BSE, NSE",603,601.0,-0.33,-2.0,3.51,0.45,4.68,0.0,838,212,18.66,58.42,Axis Capital,0.0,0,0,0,2017,4,0,0.0,3.177,Avoid
Tejas Networks Ltd. IPO,2017-06-14,2017-06-16,2017-06-27,"BSE, NSE",257,262.0,1.95,5.0,3.1,0.48,2.16,776.69,819,108,13.5,33.19,Axis Capital,0.0,0,0,0,2017,2,0,6.656327987189528,1.844,Avoid
PSP Projects Ltd. IPO,2017-05-17,2017-05-19,2017-05-29,"BSE, NSE",210,250.0,19.05,40.0,6.47,10.39,8.38,211.68,480.93,30.29,14.65,74.84,Karvy Investor Services,0.0,0,0,0,2017,2,0,5.359788688636137,8.601,Apply
Housing & Urban Development Corp.Ltd. IPO (HUDCO IPO),2017-05-08,2017-05-11,2017-05-19,"BSE, NSE",60,73.4,22.33,13.4,10.79,330.36,55.45,0.0,3350.08,810.61,3.88,89.81,ICICI Securities,0.0,0,0,0,2017,3,0,0.0,128.991,Apply
S.Chand & Co.Ltd. IPO,2017-04-26,2017-04-28,2017-05-09,"BSE, NSE",670,670.0,0.0,0.0,6.07,204.65,44.27,728.56,1130,197.8,3.5,70.97,Axis Bank,0.0,0,0,0,2017,2,0,6.592441612695797,84.744,Avoid
Shankara Building Products Ltd. IPO,2017-03-22,2017-03-24,2017-04-05,"BSE, NSE",460,548.0,19.13,88.0,15.35,90.68,51.62,345.0,2330,50,27.31,53.66,Equirus Capital,0.0,0,0,0,2017,2,0,5.846438775057725,56.084,Apply
CL Educate Ltd. IPO,2017-03-20,2017-03-22,2017-03-31,"BSE, NSE",502,505.0,0.6,3.0,1.63,0.21,3.65,238.95,299,23.32,8.05,48.06,Kotak Mahindra Capital,0.0,0,0,0,2017,2,0,5.480430568304255,2.214,Neutral
Avenue Supermarts Ltd. IPO,2017-03-08,2017-03-10,2017-03-21,"BSE, NSE",299,604.4,102.14,305.4,7.3,277.74,144.61,0.0,10009.68,387.49,6.97,82.2,Axis Capital,0.0,0,0,0,2017,2,0,0.0,157.08700000000002,Apply
Music Broadcast Ltd. IPO,2017-03-06,2017-03-08,2017-03-17,"BSE, NSE",333,345.0,3.6,12.0,9.85,109.13,39.78,488.53,279.8,33.3,5.9,75,ICICI Securities,0.0,0,0,0,2017,2,0,6.193445747120171,54.599,Apply
BSE Ltd. IPO,2017-01-23,2017-01-25,2017-02-03,NSE,806,1085.0,34.62,279.0,6.48,159.03,48.64,0.0,622.14,248.98,24.72,0,Axis Capital,0.0,0,0,0,2017,2,0,0.0,73.325,Apply
Garden Reach Shipbuilders & Engineers Ltd. IPO,2018-09-24,2018-10-01,2018-10-10,"BSE, NSE",118,103.2,-12.54,-14.8,0.24,0.31,1.81,343.59,1308.2,124.6,10.95,74.5,IDBI Capital Markets,0.0,0,0,0,2018,7,0,5.842355304520125,1.046,Avoid
IRCON International Ltd. IPO,2018-09-17,2018-09-19,2018-09-28,"BSE, NSE",475,430.0,-9.47,-45.0,9.66,4.92,12.29,466.93,3809.8,398.3,8.07,89.73,Axis Capital,0.0,0,0,0,2018,2,0,6.14831871208097,9.553,Avoid
CreditAccess Grameen Ltd. IPO,2018-08-08,2018-08-10,2018-08-23,"BSE, NSE",422,408.0,-3.32,-14.0,0.87,0.98,5.52,0.0,848,123.6,11,73.3,Credit Suisse Securities,0.0,0,0,0,2018,2,0,0.0,3.228,Avoid
HDFC Asset Management Co.Ltd. IPO (HDFC AMC IPO),2018-07-25,2018-07-27,2018-08-06,"BSE, NSE",1100,1739.0,58.09,639.0,6.57,195.15,192.26,0.0,1768.9,721.4,34,74.96,Axis Capital,0.0,0,0,0,2018,2,0,0.0,155.989,Apply
TCNS Clothing Co.Ltd. IPO,2018-07-18,2018-07-20,2018-07-30,"BSE, NSE",716,700.0,-2.23,-16.0,0.57,5.08,13.47,0.0,880,107.7,16.7,33.6,Citigroup Global,0.0,0,0,0,2018,2,0,0.0,8.373000000000001,Avoid
Varroc Engineering Ltd. IPO,2018-06-26,2018-06-28,2018-07-06,"BSE, NSE",967,967.0,0.0,0.0,0.84,2.45,9.15,0.0,11940.6,399.7,29.5,74.58,Citigroup Global,0.0,0,0,0,2018,2,0,0.0,5.478000000000001,Avoid
Fine Organic Industries Ltd. IPO,2018-06-20,2018-06-22,2018-07-02,"BSE, NSE",783,828.0,5.75,45.0,14.24,194.56,71.71,600.17,730.8,72.5,23.63,75,Edelweiss Financial,0.0,0,0,0,2018,2,0,6.398877756434162,97.07099999999998,Apply
RITES Ltd. IPO,2018-06-20,2018-06-22,2018-07-02,"BSE, NSE",185,190.0,2.7,5.0,1.19,21.0,12.85,460.51,1691,355.7,14.23,87.4,Elara Capital,0.0,0,0,0,2018,2,0,6.134503722180521,12.963,Neutral
IndoStar Capital Finance Ltd. IPO,2018-05-09,2018-05-11,2018-05-21,"BSE, NSE",572,572.0,0.0,0.0,1.17,6.91,16.08,0.0,1114.7,264.9,24.7,60,JM Financial,0.0,0,0,0,2018,2,0,0.0,10.347,Avoid
Lemon Tree Hotels Ltd. IPO,2018-03-26,2018-03-28,2018-04-09,"BSE, NSE",56,51.0,-8.93,-5.0,0.12,0.12,3.88,0.0,498.8,-36.6,Negative,39.52,CLSA,0.0,0,0,0,2018,2,0,0.0,2.0,Avoid
ICICI Securities Ltd. IPO,2018-03-22,2018-03-26,2018-04-04,"BSE, NSE",520,435.0,-16.35,-85.0,0.89,0.36,1.04,0.0,1757.2,447.8,14.12,79.31,BOFA Securities,0.0,0,0,0,2018,4,0,0.0,0.806,Avoid
Mishra Dhatu Nigam Ltd. IPO,2018-03-21,2018-03-23,2018-04-04,"BSE, NSE",90,95.0,5.56,5.0,0.72,0.13,1.96,435.02,643,111.4,5.96,74,IDBI Capital Markets,0.0,0,0,0,2018,2,0,6.0776881138566,1.1629999999999998,Avoid
Sandhar Technologies Ltd. IPO,2018-03-19,2018-03-21,2018-04-02,"BSE, NSE",332,344.0,3.61,12.0,1.31,6.39,14.5,512.48,1970,80.2,12.3,46.4,Axis Capital,0.0,0,0,0,2018,2,0,6.2412110802167255,9.429,Neutral
Karda Constructions Ltd. IPO,2018-03-16,2018-03-21,2018-04-02,"BSE, NSE",180,180.0,0.0,0.0,2.01,3.44,1.55,77.4,72.2,11.5,3.58,71.95,Aryaman Financial,0.0,0,0,0,2018,5,0,4.361823927356363,2.209,Avoid
Hindustan Aeronautics Ltd. IPO,2018-03-16,2018-03-20,2018-03-28,"BSE, NSE",1215,1175.0,-3.29,-40.0,0.39,0.03,1.73,0.0,17411,2070.3,61.3,89.97,Axis Capital,0.0,0,0,0,2018,4,0,0.0,0.952,Avoid
Bandhan Bank Ltd. IPO,2018-03-15,2018-03-19,2018-03-27,"BSE, NSE",375,485.0,29.33,110.0,1.06,13.89,38.68,0.0,4320.3,1348.6,11.84,82.28,Axis Bank,0.0,0,0,0,2018,4,0,0.0,23.719,Apply
Bharat Dynamics Ltd. IPO,2018-03-13,2018-03-15,2018-03-23,"BSE, NSE",428,340.0,-20.56,-88.0,1.37,0.5,1.5,952.25,5127.1,328.6,9.8,87.75,IDBI Capital Markets,0.0,0,0,0,2018,2,0,6.859877198737673,1.174,Avoid
H.G.Infra Engineering Ltd. IPO,2018-02-26,2018-02-28,2018-03-09,"BSE, NSE",270,270.0,0.0,0.0,3.08,4.97,8.37,462.0,970.3,49.3,7.55,74.05,HDFC Bank,0.0,0,0,0,2018,2,0,6.137727054086234,6.292,Avoid
Aster DM Healthcare Ltd. IPO,2018-02-12,2018-02-15,2018-02-26,"BSE, NSE",190,190.0,0.0,0.0,1.18,0.55,2.1,980.14,6231,-192.1,Negative,41.8,Axis Bank,0.0,0,0,0,2018,3,0,6.888715160901901,1.451,Avoid
Galaxy Surfactants Ltd. IPO,2018-01-29,2018-01-31,2018-02-08,"BSE, NSE",1480,1550.0,4.73,70.0,5.92,6.96,54.27,937.09,2763,191,53.87,72.96,Edelweiss Financial,0.0,0,0,0,2018,2,0,6.843845893230722,30.407000000000004,Apply
Amber Enterprises India Ltd. IPO,2018-01-17,2018-01-19,2018-01-30,"BSE, NSE",859,855.0,-0.47,-4.0,11.57,519.26,174.99,599.6,2106,71.7,25.04,40.54,BNP Paribas,0.0,0,0,0,2018,2,0,6.39792915554923,245.587,Avoid
Newgen Software Technologies Ltd. IPO,2018-01-16,2018-01-18,2018-01-29,"BSE, NSE",245,253.0,3.27,8.0,5.18,5.52,15.62,424.62,466.8,95.9,15.55,55.02,ICICI Securities,0.0,0,0,0,2018,2,0,6.053546929404526,10.502,Neutral
Apollo Micro Systems Ltd. IPO,2018-01-10,2018-01-12,2018-01-22,"BSE, NSE",275,47.0,-82.91,-228.0,40.19,958.07,101.93,156.0,202.9,15.6,6.97,59.57,Aryaman Financial,0.0,0,0,0,2018,2,0,5.056245805348308,346.424,Avoid
Prince Pipes & Fittings Ltd. IPO,2019-12-18,2019-12-20,2019-12-30,"BSE, NSE",178,160.0,-10.11,-18.0,1.89,1.21,3.54,500.0,1586.1,57,5.15,60.94,Edelweiss Financial,0.0,0,0,0,2019,2,0,6.2166061010848646,2.511,Avoid
Ujjivan Small Finance Bank Ltd. IPO,2019-12-02,2019-12-04,2019-12-12,"BSE, NSE",37,58.0,56.76,21.0,48.97,473.0,110.72,745.95,2755.7,199.1,2.15,83.33,IIFL Capital,0.0,0,0,0,2019,2,0,6.615998248488326,207.054,Apply
CSB Bank Ltd. IPO,2019-11-22,2019-11-26,2019-12-04,"BSE, NSE",195,275.0,41.03,80.0,44.46,164.68,62.18,409.68,1482,48,4.09,50.1,Axis Capital,0.0,0,0,0,2019,4,0,6.017814322430764,89.386,Apply
Vishwaraj Sugar Industries Ltd. IPO,2019-09-30,2019-10-04,2019-10-15,"BSE, NSE",60,60.0,0.0,0.0,0.64,1.76,1.0,60.0,313.6,17.6,8.5,40,Aryaman Financial,0.0,0,0,0,2019,4,0,4.110873864173311,1.156,Avoid
Indian Railway Catering & Tourism Corp.Ltd. IPO (IRCTC IPO),2019-09-30,2019-10-03,2019-10-14,"BSE, NSE",320,626.0,95.63,306.0,14.83,354.52,108.79,637.97,1956.7,272.6,17,87.4,IDBI Capital Markets,0.0,0,0,0,2019,3,0,6.459857504918618,163.717,Apply
Sterling & Wilson Solar Ltd. IPO,2019-08-06,2019-08-08,2019-08-20,"BSE, NSE",780,700.0,-10.26,-80.0,0.3,0.89,1.02,0.0,8240.2,583.5,30.6,75.11,Axis Capital,0.0,0,0,0,2019,2,0,0.0,0.837,Avoid
Spandana Sphoorty Financial Ltd. IPO,2019-08-05,2019-08-07,2019-08-19,"BSE, NSE",856,850.0,-0.7,-6.0,0.09,0.55,3.11,0.0,1180,303,50.7,60,Axis Capital,0.0,0,0,0,2019,2,0,0.0,1.738,Avoid
Affle (India) Ltd. IPO,2019-07-29,2019-07-31,2019-08-08,"BSE, NSE",745,925.0,24.16,180.0,10.94,198.69,55.31,459.0,251.5,40.5,10.3,58.55,ICICI Securities,0.0,0,0,0,2019,2,0,6.131226489483141,89.45,Apply
IndiaMART InterMESH Ltd. IPO,2019-06-24,2019-06-26,2019-07-04,"BSE, NSE",973,1181.0,21.38,208.0,14.07,62.13,30.83,475.49,643,20,7.14,53.3,Edelweiss Financial,0.0,0,0,0,2019,2,0,6.166446736515173,36.868,Apply
Neogen Chemicals Ltd. IPO,2019-04-24,2019-04-26,2019-05-08,"BSE, NSE",215,251.0,16.74,36.0,15.86,113.88,30.49,132.35,215.8,15.6,7.1,61.01,Batlivala & Karani,0.0,0,0,0,2019,2,0,4.892977250628023,52.58099999999999,Apply
Polycab India Ltd. IPO,2019-04-05,2019-04-09,2019-04-16,"BSE, NSE",538,548.0,1.86,10.0,4.5,110.42,92.44,0.0,6940.7,523.6,37.6,68.79,Axis Capital,0.0,0,0,0,2019,4,0,0.0,80.24600000000001,Apply
Metropolis Healthcare Ltd. IPO,2019-04-03,2019-04-05,2019-04-15,"BSE, NSE",880,960.0,9.09,80.0,2.15,3.03,8.88,0.0,762,121.7,23.9,41.43,Credit Suisse Securities,0.0,0,0,0,2019,2,0,0.0,5.779,Neutral
Rail Vikas Nigam Ltd. IPO,2019-03-29,2019-04-03,2019-04-11,"BSE, NSE",19,19.0,0.0,0.0,2.92,0.8,1.36,476.86,9331,743,3.55,87.84,Elara Capital,0.0,0,0,0,2019,5,0,6.169317802562385,1.504,Avoid
MSTC Ltd. IPO,2019-03-13,2019-03-20,2019-03-29,"BSE, NSE",120,111.0,-7.5,-9.0,2.95,2.15,1.13,211.04,363,112,15.9,89.98,Equirus Capital,0.0,0,0,0,2019,7,0,5.3567749361196055,1.8,Avoid
Chalet Hotels Ltd. IPO,2019-01-29,2019-01-31,2019-02-07,"BSE, NSE",280,298.0,6.43,18.0,0.03,1.1,4.66,0.0,1069,102.5,5,71.18,Axis Capital,0.0,0,0,0,2019,2,0,0.0,2.666,Neutral
Xelpmoc Design & Tech Ltd. IPO,2019-01-23,2019-01-25,2019-02-04,"BSE, NSE",66,66.0,0.0,0.0,2.64,7.69,1.24,23.0,15.6,-1.2,Negative,26.88,ITI Capital,0.0,0,0,0,2019,2,0,3.1780538303479458,3.455,Avoid
Antony Waste Handling Cell Ltd. IPO,2020-12-21,2020-12-23,2021-01-01,"BSE, NSE",315,430.0,36.51,115.0,16.55,18.69,9.67,299.99,450.5,62,23.3,32.96,Equirus Capital,0.0,0,0,0,2020,2,0,5.707077041605631,13.752,Apply
Mrs.Bectors Food Specialities Ltd. IPO,2020-12-15,2020-12-17,2020-12-24,"BSE, NSE",288,501.0,73.96,213.0,29.33,620.86,176.85,540.54,762,30.4,5.1,49.04,ICICI Securities,0.0,0,0,0,2020,2,0,6.294416932595607,280.549,Apply
Burger King India Ltd. IPO,2020-12-02,2020-12-04,2020-12-14,"BSE, NSE",60,60.0,0.0,0.0,68.15,354.11,86.64,810.0,841.2,-76.4,Negative,52.93,CLSA,0.0,0,0,0,2020,2,0,6.698268054115413,163.183,Avoid
Gland Pharma Ltd. IPO,2020-11-09,2020-11-11,2020-11-20,"BSE, NSE",1500,1710.0,14.0,210.0,0.24,0.51,6.4,0.0,2633.2,772.8,46.8,51.83,Citigroup Global,0.0,0,0,0,2020,2,0,0.0,3.401,Apply
Equitas Small Finance Bank Ltd. IPO,2020-10-20,2020-10-22,2020-11-02,"BSE, NSE",33,31.0,-6.06,-2.0,2.08,0.22,3.91,517.6,3892,243.6,4.29,81.75,Edelweiss Financial,0.0,0,0,0,2020,2,0,6.251132873104564,2.437,Avoid
Likhitha Infrastructure Ltd. IPO,2020-09-29,2020-10-07,2020-10-15,"BSE, NSE",120,120.0,0.0,0.0,23.71,1.54,21.99,61.2,157,20,10.1,73.49,Unistone Capital,0.0,0,0,0,2020,8,0,4.130354999745133,16.198999999999998,Avoid
UTI Asset Management Co.Ltd. IPO (UTI AMC IPO),2020-09-29,2020-10-01,2020-10-12,"BSE, NSE",554,490.0,-11.55,-64.0,2.32,0.93,3.34,0.0,482.7,277.6,21.8,0,Axis Capital,0.0,0,0,0,2020,2,0,0.0,2.413,Avoid
Mazagon Dock Shipbuilders Ltd. IPO,2020-09-29,2020-10-01,2020-10-12,"BSE, NSE",145,215.0,48.28,70.0,35.63,678.88,89.71,443.69,4898,477.1,24.33,89.84,Axis Capital,0.0,0,0,0,2020,2,0,6.097377410193878,255.645,Apply
Angel Broking Ltd. IPO,2020-09-22,2020-09-24,2020-10-05,"BSE, NSE",306,275.0,-10.13,-31.0,4.31,0.69,5.74,600.0,710,87,11.2,43.91,Edelweiss Financial,0.0,0,0,0,2020,2,0,6.398594934535208,3.939,Avoid
Computer Age Management Services Ltd. IPO (CAMS IPO),2020-09-21,2020-09-23,2020-10-01,BSE,1230,1500.0,21.95,270.0,5.54,111.85,73.18,0.0,711.6,154.6,32.5,31.02,HDFC Bank,0.0,0,0,0,2020,2,0,0.0,71.25300000000001,Apply
Chemcon Speciality Chemicals Ltd. IPO,2020-09-21,2020-09-23,2020-10-01,"BSE, NSE",340,731.0,115.0,391.0,41.15,449.14,113.54,318.0,266.3,49.3,13.5,74.5,Ambit,0.0,0,0,0,2020,2,0,5.765191102784844,199.742,Apply
Route Mobile Ltd. IPO,2020-09-09,2020-09-11,2020-09-21,"BSE, NSE",350,708.0,102.29,358.0,12.67,192.81,89.76,600.0,977.7,79.2,16.5,64.12,Axis Capital,0.0,0,0,0,2020,2,0,6.398594934535208,105.257,Apply
Happiest Minds Technologies Ltd. IPO,2020-09-07,2020-09-09,2020-09-17,"BSE, NSE",166,351.0,111.45,185.0,70.94,351.46,77.43,702.02,698.2,71.7,5.4,53.25,ICICI Securities,0.0,0,0,0,2020,2,0,6.555385340908119,158.34099999999998,Apply
Rossari Biotech Ltd. IPO,2020-07-13,2020-07-15,2020-07-23,"BSE, NSE",425,826.0,94.35,401.0,7.23,239.83,85.26,496.25,603.8,65.3,13.04,73.34,Axis Bank,0.0,0,0,0,2020,2,0,6.209092917734082,116.025,Apply
SBI Cards & Payment Services Ltd. IPO,2020-03-02,2020-03-05,2020-03-16,"BSE, NSE",755,661.25,-12.42,-93.75,2.5,45.23,57.18,0.0,9807,1245,13.5,68.59,Axis Capital,0.0,0,0,0,2020,3,0,0.0,42.659,Avoid
CMS Info Systems Ltd. IPO,2021-12-21,2021-12-23,2021-12-31,"BSE, NSE",216,250.0,15.74,34.0,2.15,1.45,1.98,0.0,1343.34,168.52,13.62,0,Axis Capital,0.0,0,0,0,2021,2,0,0.0,1.855,Apply
Supriya Lifescience Ltd. IPO,2021-12-16,2021-12-20,2021-12-28,"BSE, NSE",274,425.0,55.11,151.0,56.01,161.22,31.83,700.0,939.95,123.83,17.06,63.26,Axis Capital,0.0,0,0,0,2021,4,0,6.55250788703459,75.483,Apply
HP Adhesives Ltd. IPO,2021-12-15,2021-12-17,2021-12-27,"BSE, NSE",274,315.0,14.96,41.0,81.24,19.04,1.82,125.96,118.33,10.06,7.78,70.61,Unistone Capital,0.0,0,0,0,2021,2,0,4.843872076218154,22.87,Apply
Data Patterns (India) Ltd. IPO,2021-12-14,2021-12-16,2021-12-24,"BSE, NSE",585,864.0,47.69,279.0,23.14,254.22,190.86,588.22,223.95,55.42,10.96,48.65,IIFL Capital,0.0,0,0,0,2021,2,0,6.3787996283436765,176.324,Apply
Medplus Health Services Ltd. IPO,2021-12-13,2021-12-15,2021-12-23,"BSE, NSE",796,1040.0,30.65,244.0,5.24,85.33,111.9,0.0,3059.29,63.11,5.39,39.98,Axis Capital,0.0,0,0,0,2021,2,0,0.0,82.59700000000001,Apply
Metro Brands Ltd. IPO,2021-12-10,2021-12-14,2021-12-22,"BSE, NSE",500,436.0,-12.8,-64.0,1.13,3.02,8.49,0.0,800.08,64.62,2.37,74.28,Ambit,0.0,0,0,0,2021,4,0,0.0,5.377,Avoid
C.E.Info systems Ltd. IPO,2021-12-09,2021-12-13,2021-12-21,"BSE, NSE",1033,2020.0,95.55,987.0,15.2,424.69,196.36,0.0,153.72,59.43,11.05,53.73,Axis Capital,0.0,0,0,0,2021,4,0,0.0,228.627,Apply
Shriram Properties Ltd. IPO,2021-12-08,2021-12-10,2021-12-20,"BSE, NSE",118,97.0,-17.8,-21.0,12.72,4.82,1.85,600.04,431.5,-68.48,Negative,27.95,Axis Capital,0.0,0,0,0,2021,2,0,6.398661488060905,4.915000000000001,Avoid
Rategain Travel Technologies Ltd. IPO,2021-12-07,2021-12-09,2021-12-17,"BSE, NSE",425,360.0,-15.29,-65.0,8.08,42.04,8.42,0.0,250.78,-28.58,Negative,56.09,IIFL Capital,0.0,0,0,0,2021,2,0,0.0,18.438,Avoid
Anand Rathi Wealth Ltd. IPO,2021-12-02,2021-12-06,2021-12-14,"BSE, NSE",550,600.0,9.09,50.0,7.76,25.42,2.5,659.38,273.79,45.1,10.88,45.24,Anand Rathi Advisors,0.0,0,0,0,2021,4,0,6.492815426911429,10.428,Neutral
Tega Industries Ltd. IPO,2021-12-01,2021-12-03,2021-12-13,"BSE, NSE",453,760.0,67.77,307.0,29.44,666.19,215.45,619.23,803.11,136.25,20.06,79.17,Axis Capital,0.0,0,0,0,2021,2,0,6.430090376989552,313.47,Apply
Star Health & Allied Insurance Co.Ltd. IPO,2021-11-30,2021-12-02,2021-12-10,"BSE, NSE",900,848.0,-5.78,-52.0,1.1,0.19,1.03,0.0,9033.4,-825.4,Negative,62.83,Ambit,0.0,0,0,0,2021,2,0,0.0,0.792,Avoid
Go Fashion (India) Ltd. IPO,2021-11-17,2021-11-22,2021-11-30,"BSE, NSE",690,1316.0,90.72,626.0,49.7,262.08,100.73,0.0,257.37,-47.38,Negative,52.75,Dam Capital,0.0,0,0,0,2021,5,0,0.0,138.929,Apply
Tarsons Products Ltd. IPO,2021-11-15,2021-11-17,2021-11-26,"BSE, NSE",662,671.0,1.36,9.0,10.56,184.58,115.77,0.0,234.34,68.96,13.78,57.06,Edelweiss Financial,0.0,0,0,0,2021,2,0,0.0,115.371,Apply
Latent View Analytics Ltd. IPO,2021-11-10,2021-11-12,2021-11-23,"BSE, NSE",197,530.0,169.04,333.0,119.44,850.66,145.48,600.0,315.65,91.46,10.59,67.58,Axis Capital,0.0,0,0,0,2021,2,0,6.398594934535208,351.826,Apply
Sapphire Foods India Ltd. IPO,2021-11-09,2021-11-11,2021-11-18,"BSE, NSE",1180,1379.0,16.86,199.0,8.7,3.46,7.5,0.0,1023.7,-99.89,Negative,0,BOFA Securities,0.0,0,0,0,2021,2,0,0.0,6.5280000000000005,Apply
One 97 Communications Ltd. IPO (Paytm IPO),2021-11-08,2021-11-10,2021-11-18,"BSE, NSE",2150,1950.0,-9.3,-200.0,1.66,0.24,2.79,0.0,3186.13,-1701,Negative,0,Axis Capital,0.0,0,0,0,2021,2,0,0.0,1.7990000000000002,Avoid
Sigachi Industries Ltd. IPO,2021-11-01,2021-11-03,2021-11-15,"BSE, NSE",163,570.0,249.69,407.0,80.49,172.43,86.51,125.43,193.3,30.25,10.87,68.64,Unistone Capital,0.0,0,0,0,2021,2,0,4.839688795323807,111.082,Apply
PB Fintech Ltd. IPO,2021-11-01,2021-11-03,2021-11-15,"BSE, NSE",980,1710.0,74.49,730.0,3.31,7.82,24.89,0.0,886.66,-298.86,Negative,14.5,Citigroup Global,0.0,0,0,0,2021,2,0,0.0,15.453,Apply
S.J.S.Enterprises Ltd. IPO,2021-11-01,2021-11-03,2021-11-15,"BSE, NSE",542,548.0,1.11,6.0,1.38,2.32,1.42,800.0,251.64,43.08,8.23,65.85,Axis Capital,0.0,0,0,0,2021,2,0,6.68586094706836,1.682,Avoid
Fino Payments Bank Ltd. IPO,2021-10-29,2021-11-02,2021-11-12,"BSE, NSE",577,570.0,-1.21,-7.0,5.92,0.21,1.65,0.0,791,20.47,2.56,75,Axis Capital,0.0,0,0,0,2021,4,0,0.0,2.072,Avoid
FSN E-Commerce Ventures Ltd. IPO,2021-10-28,2021-11-01,2021-11-10,"BSE, NSE",1125,2050.0,82.22,925.0,12.24,112.02,91.18,0.0,2440.89,61.95,0.27,52.36,BOFA Securities,0.0,0,0,0,2021,4,0,0.0,81.644,Apply
Aditya Birla Sun Life AMC Ltd. IPO,2021-09-29,2021-10-01,2021-10-11,"BSE, NSE",712,712.0,0.0,0.0,3.24,4.39,10.36,0.0,1200.56,526.28,18.28,86.5,Axis Capital,0.0,0,0,0,2021,2,0,0.0,7.145,Avoid
Paras Defence & Space Technologies Ltd. IPO,2021-09-21,2021-09-23,2021-10-01,"BSE, NSE",175,475.0,171.43,300.0,112.81,927.7,169.65,170.78,143,15.79,4.41,59.34,Anand Rathi Advisors,0.0,0,0,0,2021,2,0,5.146214588338078,385.697,Apply
Sansera Engineering Ltd. IPO,2021-09-14,2021-09-16,2021-09-24,"BSE, NSE",744,811.5,9.07,67.5,3.15,11.37,26.47,0.0,1348.8,110.15,21.57,47.78,ICICI Securities,0.0,0,0,0,2021,2,0,0.0,17.276,Neutral
Vijaya Diagnostic Centre Ltd. IPO,2021-09-01,2021-09-03,2021-09-14,"BSE, NSE",531,541.0,1.88,10.0,1.09,1.32,13.07,0.0,376.6,84.91,8.31,59.66,Edelweiss Financial,0.0,0,0,0,2021,2,0,0.0,7.149,Neutral
Ami Organics Ltd. IPO,2021-09-01,2021-09-03,2021-09-14,"BSE, NSE",610,910.0,49.18,300.0,13.36,154.81,86.64,569.64,338.4,54,14.86,41.04,Ambit,0.0,0,0,0,2021,2,0,6.346758537969783,92.435,Apply
Chemplast Sanmar Ltd. IPO,2021-08-10,2021-08-12,2021-08-24,"BSE, NSE",541,551.0,1.85,10.0,2.29,1.03,2.7,0.0,1228.6,414.05,25.92,54.91,Ambit,0.0,0,0,0,2021,2,0,0.0,2.117,Neutral
Aptus Value Housing Finance India Ltd. IPO,2021-08-10,2021-08-12,2021-08-24,"BSE, NSE",353,333.0,-5.67,-20.0,1.35,33.91,32.41,0.0,523.5,267,6.21,66.19,Citigroup Global,0.0,0,0,0,2021,2,0,0.0,26.648,Avoid
Nuvoco Vistas Corp.Ltd. IPO,2021-08-09,2021-08-11,2021-08-23,"BSE, NSE",570,421.0,-26.14,-149.0,0.73,0.66,4.23,0.0,7531,-25.94,Negative,78.11,Axis Capital,0.0,0,0,0,2021,2,0,0.0,2.459,Avoid
CarTrade Tech Ltd. IPO,2021-08-09,2021-08-11,2021-08-20,"BSE, NSE",1618,1600.0,-1.11,-18.0,2.75,41.0,35.45,0.0,285.4,10.59,2.26,34.54,Axis Capital,0.0,0,0,0,2021,2,0,0.0,30.575,Avoid
Krsnaa Diagnostics Ltd. IPO,2021-08-04,2021-08-06,2021-08-16,"BSE, NSE",954,1210.0,26.83,256.0,42.04,116.3,49.83,0.0,660,18.52,2.96,32.49,Dam Capital,0.0,0,0,0,2021,2,0,0.0,68.213,Apply
Devyani International Ltd. IPO,2021-08-04,2021-08-06,2021-08-16,"BSE, NSE",90,141.0,56.67,51.0,39.51,213.06,95.27,0.0,1198.8,-184.6,Negative,62.6,CLSA,0.0,0,0,0,2021,2,0,0.0,119.455,Apply
Exxaro Tiles Ltd. IPO,2021-08-04,2021-08-06,2021-08-16,"BSE, NSE",120,126.0,5.0,6.0,40.05,5.36,17.67,160.78,244.6,15.22,4.29,57.06,Pantomath Capital,0.0,0,0,0,2021,2,0,5.086237387589806,18.453000000000003,Neutral
Rolex Rings Ltd. IPO,2021-07-28,2021-07-30,2021-08-09,"BSE, NSE",900,1250.0,38.89,350.0,24.49,360.11,143.6,731.0,616.32,86.95,40.52,55.1,Equirus Capital,0.0,0,0,0,2021,2,0,6.595780513961311,184.731,Apply
Glenmark Life Sciences Ltd. IPO,2021-07-27,2021-07-29,2021-08-06,"BSE, NSE",720,751.0,4.31,31.0,14.63,122.54,36.97,0.0,1885.7,313.9,25.54,66.75,BOFA Securities,0.0,0,0,0,2021,2,0,0.0,58.173,Apply
Tatva Chintan Pharma Chem Ltd. IPO,2021-07-16,2021-07-20,2021-07-29,"BSE, NSE",1083,2111.85,95.0,1028.85,35.34,512.22,185.23,500.0,298.5,52.29,25.32,78.61,ICICI Securities,0.0,0,0,0,2021,4,0,6.2166061010848646,253.349,Apply
Zomato Ltd. IPO,2021-07-14,2021-07-16,2021-07-23,"BSE, NSE",76,116.0,52.63,40.0,7.45,32.96,51.79,0.0,1993.78,-816.42,Negative,0,BOFA Securities,0.0,0,0,0,2021,2,0,0.0,37.273,Apply
Clean Science & Technology Ltd. IPO,2021-07-07,2021-07-09,2021-07-19,"BSE, NSE",900,1755.0,95.0,855.0,24.97,150.84,156.37,0.0,534.2,198.4,18.78,78.49,Axis Capital,0.0,0,0,0,2021,2,0,0.0,128.431,Apply
G R Infraprojects Ltd. IPO,2021-07-07,2021-07-09,2021-07-19,"BSE, NSE",837,1715.0,104.9,878.0,12.57,238.04,168.58,962.37,6423.4,811.53,16.9,76.24,Equirus Capital,0.0,0,0,0,2021,2,0,6.870437553997755,158.216,Apply
India Pesticides Ltd. IPO,2021-06-23,2021-06-25,2021-07-05,"BSE, NSE",296,360.0,21.62,64.0,11.36,51.88,42.17,800.0,648.5,134.7,32.4,79.23,Axis Capital,0.0,0,0,0,2021,2,0,6.68586094706836,38.921,Apply
Krishna Institute of Medical Sciences Ltd. IPO (KIMS IPO),2021-06-16,2021-06-18,2021-06-28,"BSE, NSE",825,900.0,9.09,75.0,2.9,1.89,5.27,0.0,1326.88,185,23.23,38.9,Axis Capital,0.0,0,0,0,2021,2,0,0.0,3.782,Neutral
Dodla Dairy Ltd. IPO,2021-06-16,2021-06-18,2021-06-28,"BSE, NSE",428,550.0,28.5,122.0,11.36,14.33,8.32,520.18,2189.77,145.22,24.47,62.06,Axis Capital,0.0,0,0,0,2021,2,0,6.25609547152901,10.731,Apply
Sona BLW Precision Forgings Ltd. IPO,2021-06-14,2021-06-16,2021-06-24,"BSE, NSE",291,302.4,3.92,11.4,2.5,0.4,3.46,0.0,1566,215,3.68,59.35,Credit Suisse Securities,0.0,0,0,0,2021,2,0,0.0,2.35,Neutral
Shyam Metalics & Energy Ltd. IPO,2021-06-14,2021-06-16,2021-06-24,"BSE, NSE",306,367.0,19.93,61.0,10.74,33.54,29.23,908.8,6099,685.9,27.9,88.35,Axis Capital,0.0,0,0,0,2021,2,0,6.813224795135904,26.825,Apply
Macrotech Developers Ltd. IPO,2021-04-07,2021-04-09,2021-04-19,"BSE, NSE",486,439.0,-9.67,-47.0,1.05,3.05,3.05,0.0,5703.4,-2087,Negative,88.35,Axis Capital,0.0,0,0,0,2021,2,0,0.0,2.65,Avoid
Barbeque-Nation Hospitality Ltd. IPO,2021-03-24,2021-03-26,2021-04-07,"BSE, NSE",500,500.0,0.0,0.0,13.13,3.1,5.11,452.87,548,-100.8,Negative,44.75,Ambit,0.0,0,0,0,2021,2,0,6.117810813424853,6.111000000000001,Avoid
Suryoday Small Finance Bank Ltd. IPO,2021-03-17,2021-03-19,2021-03-26,"BSE, NSE",305,303.0,-0.66,-2.0,3.09,1.32,2.18,581.98,1118,-11.83,Negative,24.78,Axis Capital,0.0,0,0,0,2021,2,0,6.368152880444727,2.104,Avoid
Nazara Technologies Ltd. IPO,2021-03-17,2021-03-19,2021-03-30,"BSE, NSE",1101,1990.0,80.74,889.0,7.52,389.86,103.77,582.69,446.8,-137.1,Negative,20.73,ICICI Securities,0.0,0,0,0,2021,2,0,6.369370019974588,170.34699999999998,Apply
Kalyan Jewellers India Ltd. IPO,2021-03-16,2021-03-18,2021-03-26,"BSE, NSE",87,73.0,-16.09,-14.0,2.62,2.76,2.14,0.0,8573,-7.9,Negative,60.53,Axis Capital,0.0,0,0,0,2021,2,0,0.0,2.422,Avoid
Laxmi Organic Industries Ltd. IPO,2021-03-15,2021-03-17,2021-03-25,"BSE, NSE",130,156.0,20.0,26.0,19.96,217.62,175.43,600.0,1351.6,82.33,6.97,73.07,Axis Capital,0.0,0,0,0,2021,2,0,6.398594934535208,156.993,Apply
Craftsman Automation Ltd. IPO,2021-03-15,2021-03-17,2021-03-25,"BSE, NSE",1490,1550.0,4.03,60.0,3.44,2.84,5.21,823.7,1051.8,5.31,2.51,60.4,Axis Capital,0.0,0,0,0,2021,2,0,6.7150196838393095,4.145,Neutral
Anupam Rasayan India Ltd. IPO,2021-03-12,2021-03-16,2021-03-24,"BSE, NSE",555,520.0,-6.31,-35.0,10.77,97.42,65.74,760.0,528,53.8,10.97,56.96,Ambit,0.0,0,0,0,2021,4,0,6.634633357861686,64.25,Avoid
Easy Trip Planners Ltd. IPO,2021-03-08,2021-03-10,2021-03-19,"BSE, NSE",187,212.25,13.5,25.25,70.78,384.26,77.95,510.0,135,31,0.62,74.9,Axis Capital,0.0,0,0,0,2021,2,0,6.236369590203704,168.409,Apply
MTAR Technologies Ltd. IPO,2021-03-03,2021-03-05,2021-03-15,"BSE, NSE",575,1100.0,91.3,525.0,28.4,650.79,164.99,596.41,246.7,46,15.54,49.82,IIFL Capital,0.0,0,0,0,2021,2,0,6.392603644845124,283.412,Apply
Heranba Industries Ltd. IPO,2021-02-23,2021-02-25,2021-03-05,"BSE, NSE",627,699.0,11.48,72.0,11.84,271.15,67.45,625.24,974.7,97.7,24.73,74.23,Batlivala & Karani,0.0,0,0,0,2021,2,0,6.439733684207711,117.438,Apply
RailTel Corp.of India Ltd. IPO,2021-02-16,2021-02-18,2021-02-26,"BSE, NSE",94,104.45,11.12,10.45,16.78,73.25,65.14,819.24,1411,145.7,4.53,87.48,ICICI Securities,0.0,0,0,0,2021,2,0,6.709596980361836,57.901,Apply
Nureca Ltd. IPO,2021-02-15,2021-02-17,2021-02-25,"BSE, NSE",400,630.0,57.5,230.0,166.44,31.59,3.86,100.0,122.9,6,3.29,70.88,ITI Capital,0.0,0,0,0,2021,2,0,4.61512051684126,44.69500000000001,Apply
Stove Kraft Ltd. IPO,2021-01-25,2021-01-28,2021-02-05,"BSE, NSE",385,498.0,29.35,113.0,32.74,59.41,11.34,412.62,670.6,32.7,10.02,71.19,Edelweiss Financial,0.0,0,0,0,2021,3,0,6.02494767792453,30.041,Apply
Home First Finance Co.India Ltd. IPO,2021-01-21,2021-01-25,2021-02-03,"BSE, NSE",518,530.0,2.32,12.0,6.59,52.59,122.02,0.0,431.5,79.8,10.87,34.33,Axis Capital,0.0,0,0,0,2021,4,0,0.0,78.105,Apply
Indigo Paints Ltd. IPO,2021-01-20,2021-01-22,2021-02-02,"BSE, NSE",1490,2607.5,75.0,1117.5,16.0,263.0,189.0,0.0,625.1,47.8,10.05,54,Edelweiss Financial,0.0,0,0,0,2021,2,0,0.0,176.59999999999997,Apply
Indian Railway Finance Corp.Ltd. IPO (IRFC IPO),2021-01-18,2021-01-20,2021-01-29,"BSE, NSE",26,26.0,0.0,0.0,3.61,2.67,3.78,0.0,13421,3694.6,3.57,86.36,HSBC Securities,0.0,0,0,0,2021,2,0,0.0,3.413,Avoid
Radiant Cash Management Services Ltd. IPO,2022-12-23,2022-12-27,2023-01-04,"BSE, NSE",94,104.0,10.64,10.0,20.25,2.5,1.01,256.64,286.97,38.21,3.77,53.21,IIFL Capital,0.0,0,0,0,2022,4,0,5.55156326167869,5.305,Apply
Elin Electronics Ltd. IPO,2022-12-20,2022-12-22,2022-12-30,"BSE, NSE",247,244.0,-1.21,-3.0,2.2,3.29,4.51,475.0,1093.8,39.15,8.07,33.03,Axis Capital,0.0,0,0,0,2022,2,0,6.16541785423142,3.682,Avoid
KFin Technologies Ltd. IPO,2022-12-19,2022-12-21,2022-12-29,"BSE, NSE",366,367.0,0.27,1.0,2.37,0.23,4.17,0.0,486.2,148.5,8.74,44.91,ICICI Securities,0.0,0,0,0,2022,2,0,0.0,2.628,Neutral
Landmark Cars Ltd. IPO,2022-12-13,2022-12-15,2022-12-23,"BSE, NSE",506,471.0,-6.92,-35.0,5.91,1.32,8.71,552.0,2989.1,66.2,19.34,51.71,Axis Capital,0.0,0,0,0,2022,2,0,6.315358001522335,5.933000000000001,Avoid
Abans Holdings Ltd. IPO,2022-12-12,2022-12-15,2022-12-23,"BSE, NSE",270,273.0,1.11,3.0,4.41,0.08,1.01,345.6,1349.5,69.8,12.33,74.75,Aryaman Financial,0.0,0,0,0,2022,3,0,5.848171377281505,1.411,Avoid
Sula Vineyards Ltd. IPO,2022-12-12,2022-12-14,2022-12-22,"BSE, NSE",357,358.0,0.28,1.0,1.65,1.7,1.07,960.35,453.9,2.54,0.29,27.39,Kotak Mahindra Capital,0.0,0,0,0,2022,2,0,6.868338546618346,1.375,Avoid
Uniparts India Ltd. IPO,2022-11-30,2022-12-02,2022-12-12,"BSE, NSE",577,575.0,-0.35,-2.0,4.63,8.32,2.81,835.61,1228.9,166.9,37.07,65.88,Axis Capital,0.0,0,0,0,2022,2,0,6.729358012080336,4.827,Avoid
Dharmaj Crop Guard Ltd. IPO,2022-11-28,2022-11-30,2022-12-08,"BSE, NSE",237,266.0,12.24,29.0,21.53,52.29,48.21,251.09,394,28.7,12.87,62.64,Elara Capital,0.0,0,0,0,2022,2,0,5.529786166608236,44.098,Apply
Keystone Realtors Ltd. IPO,2022-11-14,2022-11-16,2022-11-24,"BSE, NSE",541,555.0,2.59,14.0,5.09,3.03,4.09,635.0,1269.4,13.6,3.07,74.96,Axis Capital,0.0,0,0,0,2022,2,0,6.455198563340122,3.972,Neutral
Inox Green Energy Services Ltd. IPO,2022-11-11,2022-11-15,2022-11-23,"BSE, NSE",65,60.0,-7.69,-5.0,3.86,2.05,1.06,740.0,169.3,-4.69,Negative,56,Edelweiss Financial,0.0,0,0,0,2022,4,0,6.608000625296087,1.917,Avoid
Kaynes Technology India Ltd. IPO,2022-11-10,2022-11-14,2022-11-22,"BSE, NSE",587,778.0,32.54,191.0,21.24,21.01,14.98,857.82,706.1,45.4,9.15,63.6,Dam Capital,0.0,0,0,0,2022,4,0,6.755559354042727,18.041,Apply
Archean Chemical Industries Ltd. IPO,2022-11-09,2022-11-11,2022-11-21,"BSE, NSE",407,450.0,10.57,43.0,9.96,14.9,48.98,0.0,1133,191,15.58,53.05,IIFL Capital,0.0,0,0,0,2022,2,0,0.0,30.952,Apply
Five-Star Business Finance Ltd. IPO,2022-11-09,2022-11-11,2022-11-21,"BSE, NSE",474,465.0,-1.9,-9.0,1.1,0.35,1.29,0.0,1257,379.8,13.8,23.53,ICICI Securities,0.0,0,0,0,2022,2,0,0.0,0.97,Avoid
Bikaji Foods International Ltd. IPO,2022-11-03,2022-11-07,2022-11-16,"BSE, NSE",300,322.8,7.6,22.8,4.77,7.73,12.06,880.86,1610.9,76.03,3.08,67.58,JM Financial,0.0,0,0,0,2022,4,0,6.782033313249096,9.303,Neutral
Global Health Ltd. IPO,2022-11-03,2022-11-07,2022-11-16,"BSE, NSE",336,401.0,19.35,65.0,1.03,0.66,28.61,0.0,2185.2,196.2,10.15,33.77,Kotak Mahindra Capital,0.0,0,0,0,2022,4,0,0.0,14.709,Apply
Fusion Micro Finance Ltd. IPO,2022-11-02,2022-11-04,2022-11-15,"BSE, NSE",368,359.5,-2.31,-8.5,0.51,1.38,8.59,0.0,1478.7,20,2.44,59.5,ICICI Securities,0.0,0,0,0,2022,2,0,0.0,4.811,Avoid
DCX Systems Ltd. IPO,2022-10-31,2022-11-02,2022-11-11,"BSE, NSE",207,287.0,38.65,80.0,61.77,43.97,84.32,500.0,1102.1,64.4,17.37,73.37,Edelweiss Financial,0.0,0,0,0,2022,2,0,6.2166061010848646,67.705,Apply
Tracxn Technologies Ltd. IPO,2022-10-10,2022-10-12,2022-10-20,"BSE, NSE",80,83.0,3.75,3.0,4.87,8.01,2.04,309.38,63.4,0.83,0.08,35.79,IIFL Capital,0.0,0,0,0,2022,2,0,5.737797353243479,4.397,Neutral
Electronics Mart India Ltd. IPO,2022-10-04,2022-10-07,2022-10-17,"BSE, NSE",59,90.0,52.54,31.0,20.8,16.99,44.74,500.0,4349.3,103.9,2.75,77.94,Anand Rathi Advisors,0.0,0,0,0,2022,3,0,6.2166061010848646,31.627,Apply
Harsha Engineers International Ltd. IPO,2022-09-14,2022-09-16,2022-09-26,"BSE, NSE",330,450.0,36.36,120.0,17.63,71.32,178.26,755.0,1321.4,91.9,11.39,74.61,Axis Capital,0.0,0,0,0,2022,2,0,6.628041376179533,114.052,Apply
Tamilnad Mercantile Bank Ltd. IPO,2022-09-05,2022-09-07,2022-09-15,"BSE, NSE",510,510.0,0.0,0.0,6.41,2.94,1.06,807.84,4656.4,821.9,54.38,0,Axis Capital,0.0,0,0,0,2022,2,0,6.6956011224675285,2.694,Avoid
Dreamfolks Services Ltd. IPO,2022-08-24,2022-08-26,2022-09-06,"BSE, NSE",326,469.0,43.87,143.0,43.66,37.66,70.53,562.1,281,16.3,3.25,65.84,Equirus Capital,0.0,0,0,0,2022,2,0,6.333457232260573,55.295,Apply
Syrma SGS Technology Ltd. IPO,2022-08-12,2022-08-18,2022-08-26,"BSE, NSE",220,262.0,19.09,42.0,3.58,3.58,5.21,840.13,646.2,30.85,5.49,61.57,Dam Capital,0.0,0,0,0,2022,6,0,6.73474622591049,4.3950000000000005,Apply
Aether Industries Ltd. IPO,2022-05-24,2022-05-26,2022-06-03,"BSE, NSE",642,704.0,9.66,62.0,1.14,2.52,17.57,808.04,603.6,103.4,9.38,87.89,HDFC Bank,0.0,0,0,0,2022,2,0,6.695848359593915,9.769,Neutral
eMudhra Ltd. IPO,2022-05-20,2022-05-24,2022-06-01,"BSE, NSE",256,270.0,5.47,14.0,10.77,12.81,4.07,412.79,188.7,45.8,8.05,32.44,IIFL Capital,0.0,0,0,0,2022,4,0,6.025358598755538,8.032,Neutral
Ethos Ltd. IPO,2022-05-18,2022-05-20,2022-05-30,"BSE, NSE",878,830.0,-5.47,-48.0,0.84,1.48,1.06,402.26,386.6,1.9,0.98,49.07,Emkay Global,0.0,0,0,0,2022,2,0,5.99958151520993,1.142,Avoid
Paradeep Phosphates Ltd. IPO,2022-05-17,2022-05-19,2022-05-27,"BSE, NSE",42,44.0,4.76,2.0,1.37,0.22,3.06,0.0,5188,362.8,4.41,56.96,Axis Capital,0.0,0,0,0,2022,2,0,0.0,1.87,Avoid
Venus Pipes & Tubes Ltd. IPO,2022-05-11,2022-05-13,2022-05-24,"BSE, NSE",326,337.5,3.53,11.5,19.03,15.66,12.02,165.42,308.6,23.4,6.9,50.77,SMC Capitals,0.0,0,0,0,2022,2,0,5.114514713472284,14.514,Neutral
Delhivery Ltd. IPO,2022-05-11,2022-05-13,2022-05-24,"BSE, NSE",487,495.2,1.68,8.19999999999999,0.57,0.3,2.66,0.0,5504.6,-415.7,Negative,6.3,Kotak Mahindra Capital,0.0,0,0,0,2022,2,0,0.0,1.5340000000000005,Avoid
Prudent Corporate Advisory Services Ltd. IPO,2022-05-10,2022-05-12,2022-05-20,"BSE, NSE",630,650.0,3.17,20.0,1.24,0.99,1.25,428.28,320.1,45.4,10.92,57.06,ICICI Securities,0.0,0,0,0,2022,2,0,6.062109386677314,1.17,Avoid
Life Insurance Corp.of India IPO (LIC IPO),2022-05-04,2022-05-09,2022-05-17,"BSE, NSE",949,872.0,-8.11,-77.0,1.99,2.91,2.83,0.0,704443,2974.1,0.47,96.5,Axis Capital,0.0,0,0,0,2022,5,0,0.0,2.6860000000000004,Avoid
Rainbow Children's Medicare Ltd. IPO,2022-04-27,2022-04-29,2022-05-10,"BSE, NSE",542,540.0,-0.37,-2.0,1.38,0.55,3.22,0.0,500,39.5,8.12,49.8,Kotak Mahindra Capital,0.0,0,0,0,2022,2,0,0.0,2.051,Avoid
Campus Activewear Ltd. IPO,2022-04-26,2022-04-28,2022-05-09,"BSE, NSE",292,378.0,29.45,86.0,7.68,22.25,152.04,0.0,710,26.8,2.2,74.13,JM Financial,0.0,0,0,0,2022,2,0,0.0,84.231,Apply
Hariom Pipe Industries Ltd. IPO,2022-03-30,2022-04-05,2022-04-13,"BSE, NSE",153,214.0,39.87,61.0,12.15,8.87,1.91,130.05,398.9,32.2,15.53,83.65,ITI Capital,0.0,0,0,0,2022,6,0,4.875578929769415,6.045999999999999,Apply
Veranda Learning Solutions Ltd. IPO,2022-03-29,2022-03-31,2022-04-11,"BSE, NSE",137,150.0,9.49,13.0,10.72,1.7,0.08,200.0,2.52,-8.26,Negative,56.63,Systematix Corporate,0.0,0,0,0,2022,2,0,5.303304908059076,2.694,Neutral
Uma Exports Ltd. IPO,2022-03-28,2022-03-30,2022-04-07,"BSE, NSE",68,80.0,17.65,12.0,10.02,2.22,1.06,60.0,752.6,10.3,3.89,70.82,Corporate Capitalventures,0.0,0,0,0,2022,2,0,4.110873864173311,3.2,Apply
Vedant Fashions Ltd. IPO,2022-02-04,2022-02-08,2022-02-16,"BSE, NSE",866,936.0,8.08,70.0,0.39,1.03,7.49,0.0,570.6,132.8,5.53,84.09,Axis Capital,0.0,0,0,0,2022,4,0,0.0,4.132000000000001,Neutral
Adani Wilmar Ltd. IPO,2022-01-27,2022-01-31,2022-02-08,"BSE, NSE",230,227.0,-1.3,-3.0,3.92,56.3,5.73,0.0,37090.4,703.7,6.37,87.94,BNP Paribas,0.0,0,0,0,2022,4,0,0.0,20.538999999999994,Avoid
AGS Transact Technologies Ltd. IPO,2022-01-19,2022-01-21,2022-01-31,"BSE, NSE",175,161.0,-8.0,-14.0,3.08,25.61,2.68,680.0,1759.7,-18.1,Negative,68.41,HDFC Bank,0.0,0,0,0,2022,2,0,6.523562306149512,9.639,Avoid
Innova Captab Ltd. IPO,2023-12-21,2023-12-26,2023-12-29,"BSE, NSE",448,452.1,0.92,4.10000000000002,17.15,64.94,116.73,570.0,402.73,38.21,7.55,32.22,ICICI Securities,0.0,0,0,0,2023,5,0,6.3473892096560105,81.27700000000002,Apply
Azad Engineering Ltd. IPO,2023-12-20,2023-12-22,2023-12-28,"BSE, NSE",524,710.0,35.5,186.0,24.51,90.24,179.64,740.0,261.27,84.75,19.5,64.44,Axis Capital,0.0,0,0,0,2023,2,0,6.608000625296087,121.794,Apply
Credo Brands Marketing Ltd. IPO,2023-12-19,2023-12-21,2023-12-27,"BSE, NSE",280,381.0,36.07,101.0,7.87,55.51,104.95,549.78,498,78,12.05,33.54,Dam Capital,0.0,0,0,0,2023,2,0,6.311335455374621,70.702,Apply
Happy Forgings Ltd. IPO,2023-12-19,2023-12-21,2023-12-27,"BSE, NSE",850,1001.0,17.76,151.0,15.4,63.45,214.65,0.0,1192.4,208.6,23.13,78.52,JM Financial,0.0,0,0,0,2023,2,0,0.0,129.44,Apply
RBZ Jewellers Ltd. IPO,2023-12-19,2023-12-21,2023-12-27,"BSE, NSE",100,100.0,0.0,0.0,24.74,9.27,13.43,100.0,289.6,27.75,5.7,75,Arihant Capital,0.0,0,0,0,2023,2,0,4.61512051684126,14.444,Avoid
Motisons Jewellers Ltd. IPO,2023-12-18,2023-12-20,2023-12-26,"BSE, NSE",55,109.0,98.18,54.0,8.0,13.87,18.35,151.09,366.19,22.2,3.31,69,Holani Consultants,0.0,0,0,0,2023,2,0,5.024472450884278,14.936,Apply
Muthoot Microfin Ltd. IPO,2023-12-18,2023-12-20,2023-12-26,"BSE, NSE",291,291.9,0.31,0.899999999999977,135.6,311.99,135.01,960.0,1428.8,163.9,9.63,69.04,ICICI Securities,0.0,0,0,0,2023,2,0,6.8679744089702925,188.222,Apply
Suraj Estate Developers Ltd. IPO,2023-12-18,2023-12-20,2023-12-26,"BSE, NSE",360,360.0,0.0,0.0,9.85,20.02,25.74,400.0,267.3,32.65,9.38,74.99,ITI Capital,0.0,0,0,0,2023,2,0,5.993961427306569,20.846,Avoid
Inox India Ltd. IPO,2023-12-14,2023-12-18,2023-12-21,"BSE, NSE",660,949.65,43.89,289.65,15.3,53.2,147.8,0.0,984,152.7,20.08,75,ICICI Securities,0.0,0,0,0,2023,4,0,0.0,92.92000000000002,Apply
DOMS Industries Ltd. IPO,2023-12-13,2023-12-15,2023-12-20,"BSE, NSE",790,1400.0,77.22,610.0,73.38,70.06,122.16,0.0,1216.52,102.87,18.29,76.84,JM Financial,0.0,0,0,0,2023,2,0,0.0,96.774,Apply
India Shelter Finance Corp.Ltd. IPO,2023-12-13,2023-12-15,2023-12-20,"BSE, NSE",493,612.7,24.28,119.7,10.46,29.97,94.29,0.0,606.3,155.3,17.38,51.69,ICICI Securities,0.0,0,0,0,2023,2,0,0.0,58.228,Apply
Tata Technologies Ltd. IPO,2023-11-22,2023-11-24,2023-11-30,"BSE, NSE",500,1200.0,140.0,700.0,16.5,62.11,203.41,0.0,4501.9,624.03,15.38,53.39,JM Financial,0.0,0,0,0,2023,2,0,0.0,123.638,Apply
Flair Writing Industries Ltd. IPO,2023-11-22,2023-11-24,2023-12-01,"BSE, NSE",304,501.0,64.8,197.0,13.01,33.37,115.6,593.0,943.4,153.2,14.88,69.17,Nuvama Wealth Management,0.0,0,0,0,2023,2,0,6.386879319362645,70.413,Apply
Fedbank Financial Services Ltd. IPO,2023-11-22,2023-11-24,2023-11-30,"BSE, NSE",140,140.0,0.0,0.0,1.95,2.5,3.54,0.0,1154.5,154.3,9.6,62.61,ICICI Securities,0.0,0,0,0,2023,2,0,0.0,2.91,Avoid
Gandhar Oil Refinery (India) Ltd. IPO,2023-11-22,2023-11-24,2023-11-30,"BSE, NSE",169,298.0,76.33,129.0,28.95,62.23,129.0,500.69,3543,213.9,19.34,63.85,ICICI Securities,0.0,0,0,0,2023,2,0,6.217982399061142,88.959,Apply
Indian Renewable Energy Development Agency Ltd. IPO (IREDA IPO),2023-11-21,2023-11-23,2023-11-29,"BSE, NSE",32,60.0,87.5,28.0,9.94,24.16,104.57,0.0,3483.7,864.9,3.5,75,IDBI Capital Markets,0.0,0,0,0,2023,2,0,0.0,61.521,Apply
ASK Automotive Ltd. IPO,2023-11-07,2023-11-09,2023-11-15,"BSE, NSE",282,303.3,7.55,21.3,5.69,35.47,142.41,833.91,2642.4,122.9,6.97,71.12,JM Financial,0.0,0,0,0,2023,2,0,6.727323934610559,82.98400000000001,Apply
Protean eGov Technologies Ltd. IPO,2023-11-06,2023-11-08,2023-11-13,BSE,792,975.0,23.11,183.0,8.93,31.22,18.26,489.95,765.8,25.2,6.24,33.56,ICICI Securities,0.0,0,0,0,2023,2,0,6.196342289615299,20.282000000000004,Apply
ESAF Small Finance Bank Ltd. IPO,2023-11-03,2023-11-07,2023-11-10,"BSE, NSE",60,60.9,1.5,0.899999999999999,16.97,84.37,173.52,463.0,3165.9,310.2,14.99,53.05,ICICI Securities,0.0,0,0,0,2023,4,0,6.139884552226255,115.465,Apply
Honasa Consumer Ltd. IPO,2023-10-31,2023-11-02,2023-11-07,"BSE, NSE",324,330.0,1.85,6.0,1.35,7.37,20.91,0.0,1492.8,-150.9,-5.31,36.06,Kotak Mahindra Capital,0.0,0,0,0,2023,2,0,0.0,12.936,Neutral
Cello World Ltd. IPO,2023-10-30,2023-11-01,2023-11-06,"BSE, NSE",648,829.0,27.93,181.0,3.21,25.65,122.2,0.0,1796.7,285,13.56,79.91,Kotak Mahindra Capital,0.0,0,0,0,2023,2,0,0.0,69.437,Apply
Blue Jet Healthcare Ltd. IPO,2023-10-25,2023-10-27,2023-11-01,"BSE, NSE",346,380.0,9.83,34.0,2.24,13.59,13.72,840.27,683,160,9.82,66.44,Kotak Mahindra Capital,0.0,0,0,0,2023,2,0,6.734912654821954,11.385000000000002,Neutral
IRM Energy Ltd. IPO,2023-10-18,2023-10-20,2023-10-26,"BSE, NSE",505,505.0,0.0,0.0,9.29,16.89,44.75,545.0,1045.9,108.2,18.42,50.5,HDFC Bank,0.0,0,0,0,2023,2,0,6.302618975744905,29.3,Avoid
Plaza Wires Ltd. IPO,2023-09-29,2023-10-05,2023-10-12,"BSE, NSE",54,84.0,55.56,30.0,160.91,388.75,43.56,71.28,182.6,7.5,1.76,63.29,Pantomath Capital,0.0,0,0,0,2023,6,0,4.280547465724028,170.587,Apply
Valiant Laboratories Ltd. IPO,2023-09-27,2023-10-03,2023-10-06,"BSE, NSE",140,130.0,-7.14,-10.0,16.03,24.3,21.04,152.46,333.1,29,6.75,74.5,Unistone Capital,0.0,0,0,0,2023,6,0,5.033439946749519,21.016,Avoid
Updater Services Ltd. IPO,2023-09-25,2023-09-27,2023-10-04,"BSE, NSE",300,289.9,-3.37,-10.1,1.38,5.62,2.64,640.0,2096,34.5,5.39,60.55,IIFL Capital,0.0,0,0,0,2023,2,0,6.46302945692067,3.282,Avoid
JSW Infrastructure Ltd. IPO,2023-09-25,2023-09-27,2023-10-03,"BSE, NSE",119,143.0,20.17,24.0,15.43,84.41,57.09,0.0,3373.4,748.8,3.58,66.07,JM Financial,0.0,0,0,0,2023,2,0,0.0,56.95399999999999,Apply
Manoj Vaibhav Gems 'N' Jewellers Ltd. IPO,2023-09-22,2023-09-26,2023-10-03,"BSE, NSE",215,230.0,6.98,15.0,10.93,4.29,1.06,270.2,2042.8,75.8,6.59,71.99,Bajaj Capital,0.0,0,0,0,2023,4,0,5.60285655606624,4.003,Neutral
Signatureglobal (India) Ltd. IPO,2023-09-20,2023-09-22,2023-09-27,"BSE, NSE",385,385.0,0.0,0.0,7.17,12.87,13.34,730.0,158.5,-69,-5.61,69.76,ICICI Securities,0.0,0,0,0,2023,2,0,6.594413459749778,11.965,Avoid
Sai Silks (Kalamandir) Ltd. IPO,2023-09-20,2023-09-22,2023-09-27,"BSE, NSE",222,199.0,-10.36,-23.0,5.09,3.28,1.1,0.0,1341.3,97.6,6.48,75.47,Motilal Oswal Investment,0.0,0,0,0,2023,2,0,0.0,2.552,Avoid
Yatra Online Ltd. IPO,2023-09-15,2023-09-20,2023-09-28,"BSE, NSE",142,140.0,-1.41,-2.0,2.09,0.84,12.56,775.0,398,7.6,0.5,2.56,SBICAP,0.0,0,0,0,2023,5,0,6.654152520183219,6.95,Avoid
Zaggle Prepaid Ocean Services Ltd. IPO,2023-09-14,2023-09-18,2023-09-22,"BSE, NSE",164,164.0,0.0,0.0,6.08,1.48,6.44,563.38,552.4,41.9,3.61,32.9,ICICI Securities,0.0,0,0,0,2023,4,0,6.335727783489703,4.880000000000001,Avoid
SAMHI Hotels Ltd. IPO,2023-09-14,2023-09-18,2023-09-22,"BSE, NSE",126,134.5,6.75,8.5,1.11,2.05,8.76,0.0,699.7,-334.8,Negative,44.59,JM Financial,0.0,0,0,0,2023,4,0,0.0,5.2170000000000005,Neutral
R R Kabel Ltd. IPO,2023-09-13,2023-09-15,2023-09-20,"BSE, NSE",1035,1180.0,14.01,145.0,2.13,8.32,17.36,0.0,5633.64,189.87,18.66,60.83,Axis Capital,0.0,0,0,0,2023,2,0,0.0,11.602,Apply
EMS Ltd. IPO,2023-09-08,2023-09-12,2023-09-21,"BSE, NSE",211,282.05,33.67,71.05,30.55,84.39,149.98,321.25,363.3,108.6,18.39,69.65,Khambatta Securities,0.0,0,0,0,2023,4,0,5.775327641819297,106.417,Apply
Jupiter Life Line Hospitals Ltd. IPO,2023-09-06,2023-09-08,2023-09-18,"BSE, NSE",735,973.0,32.38,238.0,7.73,36.03,80.99,869.08,892.5,72.9,11.57,34.19,ICICI Securities,0.0,0,0,0,2023,2,0,6.768585161444106,52.85,Apply
Ratnaveer Precision Engineering Ltd. IPO,2023-09-04,2023-09-06,2023-09-11,"BSE, NSE",98,123.0,25.51,25.0,53.95,135.21,103.16,165.03,479.7,25.04,5.26,68.61,Unistone Capital,0.0,0,0,0,2023,2,0,5.112168494919695,102.933,Apply
Rishabh Instruments Ltd. IPO,2023-08-30,2023-09-01,2023-09-11,"BSE, NSE",441,460.0,4.31,19.0,8.44,31.29,72.8,490.78,569.5,49.7,14.12,49.97,Dam Capital,0.0,0,0,0,2023,2,0,6.19803146201739,47.475,Apply
Vishnu Prakash R.Punglia Ltd. IPO,2023-08-24,2023-08-28,2023-09-05,"BSE, NSE",99,165.0,66.67,66.0,32.01,111.03,65.11,308.61,1168.4,90.5,15.52,63.3,Choice Capital,0.0,0,0,0,2023,4,0,5.735313440935549,72.266,Apply
Aeroflex Industries Ltd. IPO,2023-08-22,2023-08-24,2023-08-31,"BSE, NSE",108,197.4,82.78,89.4,34.41,126.13,194.73,351.0,269.5,30.1,7.6,65.8,Pantomath Capital,0.0,0,0,0,2023,2,0,5.863631175598097,142.086,Apply
Pyramid Technoplast Ltd. IPO,2023-08-18,2023-08-22,2023-08-29,"BSE, NSE",166,187.0,12.65,21.0,14.15,32.24,9.94,153.05,403.5,31.8,10.74,73.3,PNB Investment,0.0,0,0,0,2023,4,0,5.037277225042677,17.472,Apply
TVS Supply Chain Solutions Ltd. IPO,2023-08-10,2023-08-14,2023-08-23,"BSE, NSE",197,190.0,-3.55,-7.0,7.89,2.44,1.66,880.0,10235.3,-41.9,-1.11,44.2,JM Financial,0.0,0,0,0,2023,4,0,6.78105762593618,3.14,Avoid
Concord Biotech Ltd. IPO,2023-08-04,2023-08-08,2023-08-18,"BSE, NSE",741,900.0,21.46,159.0,3.78,16.99,67.67,0.0,853.1,212.7,20.37,56.09,Kotak Mahindra Capital,0.0,0,0,0,2023,4,0,0.0,39.688,Apply
SBFC Finance Ltd. IPO,2023-08-03,2023-08-07,2023-08-16,"BSE, NSE",57,92.0,61.4,35.0,10.99,51.82,203.61,0.0,1152,149.7,1.76,65,ICICI Securities,0.0,0,0,0,2023,4,0,0.0,119.549,Apply
Yatharth Hospital & Trauma Care Services Ltd. IPO,2023-07-26,2023-07-28,2023-08-07,"BSE, NSE",300,304.0,1.33,4.0,8.34,34.61,21.17,686.55,520.3,65.7,7.85,65.71,Intensive Fiscal,0.0,0,0,0,2023,2,0,6.533134554168954,22.636,Apply
Netweb Technologies India Ltd. IPO,2023-07-17,2023-07-19,2023-07-27,"BSE, NSE",500,942.5,88.5,442.5,19.48,81.81,220.69,631.0,445.6,46.9,7.79,72.63,Equirus Capital,0.0,0,0,0,2023,2,0,6.448889394146858,138.784,Apply
Utkarsh Small Finance Bank Ltd. IPO,2023-07-12,2023-07-14,2023-07-21,"BSE, NSE",25,40.0,60.0,15.0,23.41,81.64,124.85,500.0,2735.6,404.5,7.47,69.04,ICICI Securities,0.0,0,0,0,2023,2,0,6.2166061010848646,91.599,Apply
Senco Gold Ltd. IPO,2023-07-04,2023-07-06,2023-07-14,"BSE, NSE",317,430.0,35.65,113.0,15.46,15.7,10.7,405.0,4108.2,158.4,11.83,69.59,IIFL Capital,0.0,0,0,0,2023,2,0,6.0063531596017325,13.152,Apply
Cyient DLM Ltd. IPO,2023-06-27,2023-06-30,2023-07-10,"BSE, NSE",265,403.0,52.08,138.0,52.17,95.87,47.75,592.0,832,31.7,4,66.68,Axis Capital,0.0,0,0,0,2023,3,0,6.385194398997726,63.06999999999999,Apply
ideaForge Technology Ltd. IPO,2023-06-26,2023-06-30,2023-07-07,"BSE, NSE",672,1305.1,94.21,633.1,85.1,80.58,125.81,567.24,186,31.9,8.95,25.75,JM Financial,0.0,0,0,0,2023,4,0,6.342543864689555,104.099,Apply
HMA Agro Industries Ltd. IPO,2023-06-20,2023-06-23,2023-07-04,"BSE, NSE",585,615.0,5.13,30.0,0.96,2.97,1.74,480.0,3143.6,124.9,24.72,81.75,Aryaman Financial,0.0,0,0,0,2023,3,0,6.175867270105761,1.953,Avoid
IKIO Lighting Ltd. IPO,2023-06-06,2023-06-08,2023-06-16,"BSE, NSE",285,392.5,37.72,107.5,16.65,32.27,163.55,606.5,330.4,75.3,10.02,76.22,Motilal Oswal Investment,0.0,0,0,0,2023,2,0,6.409352175214703,94.786,Apply
Mankind Pharma Ltd. IPO,2023-04-25,2023-04-27,2023-05-09,"BSE, NSE",1080,1300.0,20.37,220.0,0.92,2.8,4.9,0.0,8749.7,1311.9,32.61,77.85,Kotak Mahindra Capital,0.0,0,0,0,2023,2,0,0.0,3.474,Apply
Avalon Technologies Ltd. IPO,2023-04-03,2023-04-06,2023-04-18,"BSE, NSE",436,436.0,0.0,0.0,0.88,1.63,3.44,865.0,840.4,68.2,10.43,57.06,JM Financial,0.0,0,0,0,2023,3,0,6.763884908562435,2.385,Avoid
Udayshivakumar Infra Ltd. IPO,2023-03-20,2023-03-23,2023-04-03,"BSE, NSE",35,35.0,0.0,0.0,14.99,10.42,4.41,66.0,186.4,12.1,3.57,60,Saffron Capital,0.0,0,0,0,2023,3,0,4.204692619390966,8.329,Avoid
Global Surfaces Ltd. IPO,2023-03-13,2023-03-15,2023-03-23,"BSE, NSE",140,163.0,16.43,23.0,3.04,15.22,5.09,154.98,191,35,12.38,70.8,Unistone Capital,0.0,0,0,0,2023,2,0,5.049727793902352,7.718999999999999,Apply
Divgi TorqTransfer Systems Ltd. IPO,2023-03-01,2023-03-03,2023-03-14,"BSE, NSE",590,600.0,1.69,10.0,4.31,1.4,7.83,412.12,252,46.1,14.93,39.52,Inga Ventures,0.0,0,0,0,2023,2,0,6.023738107658278,5.197,Neutral
Bajaj Housing Finance Ltd. IPO,2024-09-09,2024-09-11,2024-09-16,"BSE, NSE",70,150.0,114.29,80.0,7.41,43.98,222.05,0.0,14024.1,1732.1,16.79,NA ,Kotak Mahindra Capital,0.0,0,0,0,2024,2,0,0.0,125.701,Apply
Baazar Style Retail Ltd. IPO,2024-08-30,2024-09-03,2024-09-06,"BSE, NSE",389,389.0,0.0,0.0,9.07,59.41,81.83,834.68,880,5.1,1.7,60,Axis Capital,0.0,0,0,0,2024,4,0,6.728245764687989,60.552,Avoid
ECOS (India) Mobility & Hospitality Ltd. IPO (ECOS Mobility IPO),2024-08-28,2024-08-30,2024-09-04,"BSE, NSE",334,365.0,9.28,31.0,19.66,71.17,136.85,601.2,310.85,13.29,3.57,59.25,Equirus Capital,0.0,0,0,0,2024,2,0,6.400589616047633,93.708,Apply
Premier Energies Ltd. IPO,2024-08-27,2024-08-29,2024-09-03,"BSE, NSE",450,991.0,120.22,541.0,7.44,50.98,212.42,0.0,1428.1,120.4,8.05,59.61,Kotak Mahindra Capital,0.0,0,0,0,2024,2,0,0.0,122.992,Apply
Orient Technologies Ltd. IPO,2024-08-21,2024-08-23,2024-08-28,"BSE, NSE",206,288.0,39.81,82.0,68.93,310.03,188.79,214.76,530.4,26.7,6.9,64.84,Elara Capital,0.0,0,0,0,2024,2,0,5.374166678831474,201.19,Apply
Saraswati Saree Depot Ltd. IPO,2024-08-12,2024-08-14,2024-08-20,"BSE, NSE",160,200.0,25.0,40.0,61.59,358.47,64.12,160.01,111.4,10.05,7,64.91,Unistone Capital,0.0,0,0,0,2024,2,0,5.081466474856847,151.919,Apply
Brainbees Solutions Ltd. IPO,2024-08-06,2024-08-08,2024-08-13,"BSE, NSE",465,651.0,40.0,186.0,2.31,4.68,19.3,0.0,5632.5,-484,Negative,26.12,Kotak Mahindra Capital,0.0,0,0,0,2024,2,0,0.0,11.516,Apply
Ola Electric Mobility Ltd. IPO,2024-08-02,2024-08-06,2024-08-09,"BSE, NSE",76,76.0,0.0,0.0,4.05,2.51,5.53,0.0,2634.3,-1472,Negative,35.45,Kotak Mahindra Capital,0.0,0,0,0,2024,4,0,0.0,4.327999999999999,Avoid
Emcure Pharmaceuticals Ltd. IPO,2024-07-03,2024-07-05,2024-07-10,"BSE, NSE",1008,1325.05,31.45,317.05,7.36,49.32,191.24,0.0,6031.5,244.7,14.28,53.3,Kotak Mahindra Capital,0.0,0,0,0,2024,2,0,0.0,111.888,Apply
Stanley Lifestyles Ltd. IPO,2024-06-21,2024-06-25,2024-06-28,"BSE, NSE",369,499.8,35.45,130.8,19.08,121.42,215.62,537.02,419,23.22,4.48,67.43,Axis Capital,0.0,0,0,0,2024,4,0,6.287895734192011,148.052,Apply
DEE Development Engineers Ltd. IPO,2024-06-19,2024-06-21,2024-06-26,"BSE, NSE",203,300.0,47.78,97.0,23.66,149.38,206.54,418.01,595.5,12.9,2.15,64.3,SBICAP,0.0,0,0,0,2024,2,0,6.03789478598579,152.816,Apply
Kronox Lab Sciences Ltd. IPO,2024-06-03,2024-06-05,2024-06-10,"BSE, NSE",136,167.0,22.79,31.0,54.24,301.92,89.03,130.15,95.59,16.62,3.29,74.88,Pantomath Capital,0.0,0,0,0,2024,2,0,4.876341706312883,145.93900000000002,Apply
Awfis Space Solutions Ltd. IPO,2024-05-22,2024-05-27,2024-05-30,"BSE, NSE",383,432.25,12.86,49.25,53.23,129.27,116.95,598.93,633.7,-46.5,Negative,25.92,ICICI Securities,0.0,0,0,0,2024,5,0,6.396812981743395,107.902,Apply
Go Digit General Insurance Ltd. IPO,2024-05-15,2024-05-17,2024-05-23,"BSE, NSE",272,286.0,5.15,14.0,4.27,7.24,12.56,0.0,5436.4,-78,Negative,18.57,ICICI Securities,0.0,0,0,0,2024,2,0,0.0,9.306,Neutral
TBO Tek Ltd. IPO,2024-05-08,2024-05-10,2024-05-15,"BSE, NSE",920,1426.0,55.0,506.0,25.72,50.6,125.51,0.0,1064,148.5,17.5,51.27,Axis Capital,0.0,0,0,0,2024,2,0,0.0,83.07900000000001,Apply
Aadhar Housing Finance Ltd. IPO,2024-05-08,2024-05-10,2024-05-15,"BSE, NSE",315,314.3,-0.22,-0.699999999999989,2.58,17.33,76.42,0.0,1703.1,545.4,16.09,85.6,ICICI Securities,0.0,0,0,0,2024,2,0,0.0,43.925,Avoid
Indegene Ltd. IPO,2024-05-06,2024-05-08,2024-05-13,"BSE, NSE",452,659.8,45.97,207.8,7.86,55.91,192.72,0.0,2305.6,266.3,9.32,60.54,Kotak Mahindra Capital,0.0,0,0,0,2024,2,0,0.0,114.705,Apply
JNK India Ltd. IPO,2024-04-23,2024-04-25,2024-04-30,"BSE, NSE",415,621.0,49.64,206.0,4.2,23.8,74.4,649.47,407.3,46.4,12.18,74.52,IIFL Capital,0.0,0,0,0,2024,2,0,6.477695178518591,45.18000000000001,Apply
Bharti Hexacom Ltd. IPO,2024-04-03,2024-04-05,2024-04-12,"BSE, NSE",570,755.0,32.46,185.0,2.83,10.52,48.57,0.0,6719.2,378.1,7.56,70.43,SBICAP,0.0,0,0,0,2024,2,0,0.0,28.007,Apply
SRM Contractors Ltd. IPO,2024-03-26,2024-03-28,2024-04-03,"BSE, NSE",210,215.25,2.5,5.25,46.97,214.94,59.59,130.2,862,59.4,10.02,59.98,Interactive Financial,0.0,0,0,0,2024,2,0,4.876722876509988,103.671,Apply
Krystal Integrated Services Ltd. IPO,2024-03-14,2024-03-18,2024-03-21,"BSE, NSE",715,795.0,11.19,80.0,3.42,45.23,7.32,300.12,707.9,38.4,16.96,68.52,Inga Ventures,0.0,0,0,0,2024,4,0,5.707508856397014,17.913,Apply
Popular Vehicles & Services Ltd. IPO,2024-03-12,2024-03-14,2024-03-19,"BSE, NSE",295,289.0,-2.03,-6.0,1.07,0.67,1.92,601.55,4875.5,64.1,9.64,59.48,ICICI Securities,0.0,0,0,0,2024,2,0,6.401170649473401,1.375,Avoid
Gopal Snacks Ltd. IPO,2024-03-06,2024-03-11,2024-03-14,"BSE, NSE",401,350.0,-12.72,-51.0,4.22,10.0,18.42,650.0,1394,112.3,11.39,67.46,Intensive Fiscal,0.0,0,0,0,2024,5,0,6.478509642208569,13.054,Avoid
J.G.Chemicals Ltd. IPO,2024-03-05,2024-03-07,2024-03-13,"BSE, NSE",221,215.0,-2.71,-6.0,18.03,47.92,32.33,251.19,788,75.1,22.46,70.85,Centrum Capital,0.0,0,0,0,2024,2,0,5.530182771674116,34.147,Avoid
R K SWAMY Ltd. IPO,2024-03-04,2024-03-06,2024-03-12,"BSE, NSE",288,250.0,-13.19,-38.0,33.31,34.24,20.58,423.56,299.9,31.1,8.07,59.11,SBICAP,0.0,0,0,0,2024,2,0,6.05105333851964,27.224,Avoid
Mukka Proteins Ltd. IPO,2024-02-29,2024-03-04,2024-03-07,"BSE, NSE",28,44.0,57.14,16.0,58.52,250.39,189.28,224.0,1260.6,120.1,6.91,58.59,Fedex Securities,0.0,0,0,0,2024,4,0,5.41610040220442,181.461,Apply
Exicom Tele-Systems Ltd. IPO,2024-02-27,2024-02-29,2024-03-05,"BSE, NSE",142,264.0,85.92,122.0,124.27,159.29,124.82,429.0,775.3,27.5,3.5,69.76,Monarch Networth Capital,0.0,0,0,0,2024,2,0,6.063785208687608,135.051,Apply
Platinum Industries Ltd. IPO,2024-02-27,2024-02-29,2024-03-05,"BSE, NSE",171,216.0,26.32,45.0,50.92,141.79,151.0,235.32,468.5,38,10.15,94.75,Unistone Capital,0.0,0,0,0,2024,2,0,5.46518681878307,128.221,Apply
GPT Healthcare Ltd. IPO,2024-02-22,2024-02-26,2024-02-29,"BSE, NSE",186,215.0,15.59,29.0,2.44,11.02,17.3,525.14,361,41.7,4.94,67.24,JM Financial,0.0,0,0,0,2024,4,0,6.265567337019319,12.444,Apply
Juniper Hotels Ltd. IPO,2024-02-21,2024-02-23,2024-02-28,"BSE, NSE",360,365.0,1.39,5.0,1.31,0.89,3.11,0.0,668.5,-1.5,Negative,35.09,JM Financial,0.0,0,0,0,2024,2,0,0.0,2.084,Neutral
Vibhor Steel Tubes Ltd. IPO,2024-02-13,2024-02-15,2024-02-20,"BSE, NSE",151,425.0,181.46,274.0,201.52,772.49,191.41,72.17,1113.8,21.1,10.2,88.59,Khambatta Securities,0.0,0,0,0,2024,2,0,4.292785500895938,367.756,Apply
Entero Healthcare Solutions Ltd. IPO,2024-02-09,2024-02-13,2024-02-16,"BSE, NSE",1258,1245.0,-1.03,-13.0,1.33,0.22,2.28,0.0,3300,-30.1,Negative,77.29,ICICI Securities,0.0,0,0,0,2024,4,0,0.0,1.472,Avoid
Jana Small Finance Bank Ltd. IPO,2024-02-07,2024-02-09,2024-02-14,"BSE, NSE",414,396.0,-4.35,-18.0,5.7,26.13,39.81,570.0,4749.8,255.9,12.34,25.1,Axis Capital,0.0,0,0,0,2024,2,0,6.3473892096560105,28.884,Avoid
Capital Small Finance Bank Ltd. IPO,2024-02-07,2024-02-09,2024-02-14,"BSE, NSE",468,234.0,-50.0,-234.0,2.6,4.23,6.86,523.07,725.5,93.6,26.15,27.97,Nuvama Wealth Management,0.0,0,0,0,2024,2,0,6.261625263185248,5.218999999999999,Avoid
Rashi Peripherals Ltd. IPO,2024-02-07,2024-02-09,2024-02-14,"BSE, NSE",311,339.5,9.16,28.5,11.01,66.15,151.45,600.0,9454,123.7,22.84,51.01,JM Financial,0.0,0,0,0,2024,2,0,6.398594934535208,97.772,Apply
Apeejay Surrendra Park Hotels Ltd. IPO,2024-02-05,2024-02-07,2024-02-12,"BSE, NSE",155,187.0,20.65,32.0,32.0,55.26,79.23,920.0,506,48.2,2.31,37.18,JM Financial,0.0,0,0,0,2024,2,0,6.825460036255307,62.593,Apply
BLS E-Services Ltd. IPO,2024-01-30,2024-02-01,2024-02-06,"BSE, NSE",135,309.0,128.89,174.0,236.53,300.05,123.3,309.29,243.6,20.3,2.75,65.82,Unistone Capital,0.0,0,0,0,2024,2,0,5.737507344057822,198.971,Apply
Nova AgriTech Ltd. IPO,2024-01-23,2024-01-25,2024-01-31,"BSE, NSE",41,55.0,34.15,14.0,80.2,233.03,81.13,143.81,210.6,20.5,3.1,61.01,Keynote Financial,0.0,0,0,0,2024,2,0,4.975422538340511,126.514,Apply
EPACK Durable Ltd. IPO,2024-01-19,2024-01-24,2024-01-30,"BSE, NSE",230,225.0,-2.17,-5.0,6.5,29.07,25.59,640.05,1539.9,31.9,4.5,64.47,Axis Capital,0.0,0,0,0,2024,5,0,6.46310745699871,22.816,Avoid
Medi Assist Healthcare Services Ltd. IPO,2024-01-15,2024-01-17,2024-01-23,"BSE, NSE",418,465.0,11.24,47.0,3.19,14.85,40.14,0.0,516.4,74.3,10.43,49.79,Axis Bank,0.0,0,0,0,2024,2,0,0.0,25.163,Apply
Jyoti CNC Automation Ltd. IPO,2024-01-09,2024-01-11,2024-01-16,"BSE, NSE",331,370.0,11.78,39.0,27.5,38.33,46.37,0.0,935.3,15,1.7,65.98,Equirus Capital,0.0,0,0,0,2024,2,0,0.0,40.184,Apply
Sudeep Pharma Ltd. IPO,2025-11-21,2025-11-25,2025-11-28,"BSE, NSE",593,730.0,23.1,137.0,15.65,116.72,213.08,895.0,350.20,46.40,13.62,69.96,ICICI Securities,0.0,0,0,0,2025,4,0,6.79794041297493,144.686,Apply
Excelsoft Technologies Ltd. IPO,2025-11-19,2025-11-21,2025-11-26,"BSE, NSE",120,135.0,12.5,15.0,16.44,107.04,50.06,500.0,110.10,11.20,8.01,49.72,Anand Rathi Advisors,0.0,0,0,0,2025,2,0,6.2166061010848646,60.43000000000001,Apply
Capillary Technologies India Ltd. IPO,2025-11-14,2025-11-18,2025-11-21,"BSE, NSE",577,571.9,-0.88,-5.10000000000002,15.85,69.85,57.3,877.5,344.00,-29.00,Negative,26.83,JM Financial,0.0,0,0,0,2025,4,0,6.778215907627152,52.775,Avoid
Fujiyama Power Systems Ltd. IPO,2025-11-13,2025-11-17,2025-11-20,"BSE, NSE",228,220.0,-3.51,-8.0,1.05,0.92,5.24,828.0,45.60,3.50,2.31,74.98,Motilal Oswal Investment,0.0,0,0,0,2025,4,0,6.720220155135295,3.106,Avoid
Tenneco Clean Air India Ltd. IPO,2025-11-12,2025-11-14,2025-11-19,"BSE, NSE",397,505.0,27.2,108.0,5.37,42.79,174.78,0.0,"1,800.00",70.00,10.00,NA ,JM Financial,0.0,0,0,0,2025,2,0,0.0,101.301,Apply
PhysicsWallah Ltd. IPO,2025-11-11,2025-11-13,2025-11-18,"BSE, NSE",109,145.0,33.03,36.0,1.14,0.51,2.86,0.0,798.00,104.00,0,NA ,Kotak Mahindra Capital,0.0,0,0,0,2025,2,0,0.0,1.811,Apply
Emmvee Photovoltaic Power Ltd. IPO,2025-11-11,2025-11-13,2025-11-18,"BSE, NSE",217,217.0,0.0,0.0,1.1,0.3,1.26,0.0,"1,111.00",56.00,8.23,69.00,JM Financial,0.0,0,0,0,2025,2,0,0.0,0.94,Avoid
Pine Labs Ltd. IPO,2025-11-07,2025-11-11,2025-11-14,"BSE, NSE",221,242.0,9.5,21.0,1.27,0.3,3.97,0.0,"1,288.70",-226.70,Negative,0,Axis Capital,0.0,0,0,0,2025,4,0,0.0,2.329,Neutral
Billionbrains Garage Ventures Ltd. IPO (Groww IPO),2025-11-04,2025-11-07,2025-11-12,"BSE, NSE",100,112.0,12.0,12.0,9.43,14.2,22.02,0.0,"1,277.50",448.70,0,0,Kotak Mahindra Capital,0.0,0,0,0,2025,3,0,0.0,17.156,Apply
Lenskart Solutions Ltd. IPO,2025-10-31,2025-11-04,2025-11-10,"BSE, NSE",402,395.0,-1.74,-7.0,7.56,18.23,40.36,0.0,"3,788.20",-64.50,Negative,0,Kotak Mahindra Capital,0.0,0,0,0,2025,4,0,0.0,27.161,Avoid
Studds Accessories Ltd. IPO,2025-10-30,2025-11-03,2025-11-07,"BSE, NSE",585,565.0,-3.42,-20.0,22.08,76.99,159.99,455.49,473.00,50.00,7.20,70.70,IIFL Capital,0.0,0,0,0,2025,4,0,6.123566793990049,107.508,Avoid
Orkla India Ltd. IPO,2025-10-29,2025-10-31,2025-11-06,"BSE, NSE",730,750.1,2.75,20.1,7.06,54.42,117.63,0.0,"2,206.00",239.00,0,0,ICICI Securities,0.0,0,0,0,2025,2,0,0.0,76.553,Apply
Midwest Ltd. IPO,2025-10-15,2025-10-17,2025-10-24,"BSE, NSE",1065,1165.0,9.39,100.0,25.52,176.57,146.99,451.1,111.90,13.50,5.91,99.99,Dam Capital,0.0,0,0,0,2025,2,0,6.11390339430056,131.57000000000002,Apply
Canara HSBC Life Insurance Co.Ltd. IPO,2025-10-10,2025-10-14,2025-10-17,"BSE, NSE",106,106.0,0.0,0.0,0.42,0.33,7.05,0.0,"11,460.00",239.00,0,0,SBICAP,0.0,0,0,0,2025,4,0,0.0,3.708,Avoid
Rubicon Research Ltd. IPO,2025-10-09,2025-10-13,2025-10-16,"BSE, NSE",485,620.1,27.86,135.1,37.4,102.7,137.09,0.0,215.80,32.40,9.36,75.00,Axis Capital,0.0,0,0,0,2025,4,0,0.0,106.835,Apply
Canara Robeco Asset Management Co.Ltd. IPO,2025-10-09,2025-10-13,2025-10-16,"BSE, NSE",266,280.25,5.36,14.25,1.91,6.45,25.92,0.0,515.20,191.00,0,0,SBICAP,0.0,0,0,0,2025,4,0,0.0,15.277,Neutral
LG Electronics India Ltd. IPO,2025-10-07,2025-10-09,2025-10-14,"BSE, NSE",1140,1710.1,50.01,570.1,3.55,22.44,166.51,0.0,"16,000.00","1,000.00",0,NA ,Morgan Stanley,0.0,0,0,0,2025,2,0,0.0,90.697,Apply
Tata Capital Ltd. IPO,2025-10-06,2025-10-08,2025-10-13,"BSE, NSE",326,330.0,1.23,4.0,1.1,1.98,3.42,0.0,"13,634.30","2,943.80",0,NA ,Kotak Mahindra Capital,0.0,0,0,0,2025,2,0,0.0,2.524,Neutral
WeWork India Management Ltd. IPO,2025-10-03,2025-10-07,2025-10-10,"BSE, NSE",648,650.0,0.31,2.0,0.62,0.23,1.79,0.0,"1,400.00",-20.00,0,NA ,JM Financial,0.0,0,0,0,2025,4,0,0.0,1.088,Avoid
Advance Agrolife Ltd. IPO,2025-09-30,2025-10-03,2025-10-08,"BSE, NSE",100,114.0,14.0,14.0,23.14,175.3,27.31,192.86,120.40,8.50,3.00,71.00,Choice Capital,0.0,0,0,0,2025,3,0,5.267136249064462,70.873,Apply
Om Freight Forwarders Ltd. IPO,2025-09-29,2025-10-03,2025-10-08,"BSE, NSE",135,82.5,-38.89,-52.5,2.77,7.39,3.97,122.31,420.20,14.50,3.58,70.00,Smart Horizon Capital,0.0,0,0,0,2025,4,0,4.814701509882439,4.756,Avoid
Fabtech Technologies Ltd. IPO,2025-09-29,2025-10-01,2025-10-07,"BSE, NSE",191,192.0,0.52,1.0,2.09,1.97,2.02,230.3,150.80,10.00,5.70,60.00,Unistone Capital,0.0,0,0,0,2025,2,0,5.443715569237393,2.019,Neutral
Glottis Ltd. IPO,2025-09-29,2025-10-01,2025-10-07,"BSE, NSE",129,84.0,-34.88,-45.0,1.47,3.08,1.84,307.0,50.20,5.30,3.50,74.90,Pantomath Capital,0.0,0,0,0,2025,2,0,5.730099782973574,2.138,Avoid
Pace Digitek Ltd. IPO,2025-09-26,2025-09-30,2025-10-06,"BSE, NSE",219,226.85,3.58,7.84999999999999,1.09,3.06,1.69,819.15,175.60,10.20,2.80,73.00,Unistone Capital,0.0,0,0,0,2025,4,0,6.709487250358495,1.981,Avoid
Jinkushal Industries Ltd. IPO,2025-09-25,2025-09-29,2025-10-03,"BSE, NSE",121,125.0,3.31,4.0,47.04,146.39,35.7,116.15,150.00,9.00,3.50,74.50,GYR Capital,0.0,0,0,0,2025,4,0,4.763455164953805,71.175,Apply
Trualt Bioenergy Ltd. IPO,2025-09-25,2025-09-29,2025-10-03,"BSE, NSE",496,545.4,9.96,49.4,11.5,103.04,165.16,839.28,190.50,12.00,4.00,60.00,Dam Capital,0.0,0,0,0,2025,4,0,6.733735169627479,115.792,Apply
Epack Prefab Technologies Ltd. IPO,2025-09-24,2025-09-26,2025-10-01,"BSE, NSE",204,183.85,-9.88,-20.15,1.74,3.79,5.09,504.0,450.00,25.00,5.50,65.00,Monarch Networth Capital,0.0,0,0,0,2025,2,0,6.22455842927536,4.03,Avoid
BMW Ventures Ltd. IPO,2025-09-24,2025-09-26,2025-10-01,"BSE, NSE",99,78.0,-21.21,-21.0,0.99,3.03,3.09,231.66,130.00,11.00,3.80,72.00,Sarthi Capital,0.0,0,0,0,2025,2,0,5.44957816038862,2.652,Avoid
Jain Resource Recycling Ltd. IPO,2025-09-24,2025-09-26,2025-10-01,"BSE, NSE",232,265.05,14.25,33.05,3.81,5.59,26.67,0.0,250.00,18.00,4.20,74.50,Dam Capital,0.0,0,0,0,2025,2,0,0.0,15.774,Apply
Jaro Institute of Technology Management & Research Ltd. IPO,2025-09-23,2025-09-25,2025-09-30,"BSE, NSE",890,890.0,0.0,0.0,9.15,37.32,37.19,450.0,115.60,15.50,6.50,75.00,Nuvama Wealth Management,0.0,0,0,0,2025,2,0,6.111467339502679,31.620999999999995,Avoid
Anand Rathi Share & Stock Brokers Ltd. IPO,2025-09-23,2025-09-25,2025-09-30,"BSE, NSE",414,432.0,4.35,18.0,5.11,30.16,46.25,745.64,499.00,149.00,35.70,50.31,Nuvama Wealth Management,0.0,0,0,0,2025,2,0,6.615583141257491,33.195,Apply
Solarworld Energy Solutions Ltd. IPO,2025-09-23,2025-09-25,2025-09-30,"BSE, NSE",351,388.5,10.68,37.5,51.69,68.21,74.24,490.0,150.00,9.50,3.20,74.50,Nuvama Wealth Management,0.0,0,0,0,2025,2,0,6.19644412779452,67.92099999999999,Apply
Seshaasai Technologies Ltd. IPO,2025-09-23,2025-09-25,2025-09-30,"BSE, NSE",423,432.0,2.13,9.0,9.46,51.43,189.49,813.28,210.30,12.50,4.00,70.00,IIFL Capital,0.0,0,0,0,2025,2,0,6.702304287198846,112.066,Apply
Atlanta Electricals Ltd. IPO,2025-09-22,2025-09-24,2025-09-29,"BSE, NSE",754,857.0,13.66,103.0,10.76,55.82,194.77,687.85,180.50,11.50,3.80,75.00,Motilal Oswal Investment,0.0,0,0,0,2025,2,0,6.5350235404906085,116.283,Apply
Ganesh Consumer Products Ltd. IPO,2025-09-22,2025-09-24,2025-09-29,"BSE, NSE",322,296.05,-8.06,-25.95,1.17,4.41,4.03,408.8,600.00,30.00,5.00,70.00,Dam Capital,0.0,0,0,0,2025,2,0,6.0156692358048,3.572,Avoid
Saatvik Green Energy Ltd. IPO,2025-09-19,2025-09-23,2025-09-26,"BSE, NSE",465,465.0,0.0,0.0,2.81,10.57,11.41,900.2,800.00,45.00,7.00,74.99,Dam Capital,0.0,0,0,0,2025,4,0,6.803727208558089,9.438,Avoid
GK Energy Ltd. IPO,2025-09-19,2025-09-23,2025-09-26,"BSE, NSE",153,171.0,11.76,18.0,21.78,128.56,193.01,464.26,120.00,8.00,3.10,74.00,IIFL Capital,0.0,0,0,0,2025,4,0,6.1425963891118975,139.42899999999997,Apply
Ivalue Infosolutions Ltd. IPO,2025-09-18,2025-09-22,2025-09-25,"BSE, NSE",299,285.0,-4.68,-14.0,1.28,1.26,3.18,560.29,"1,150.00",60.00,9.50,70.00,IIFL Capital,0.0,0,0,0,2025,4,0,6.330237706004665,2.224,Avoid
VMS TMT Ltd. IPO,2025-09-17,2025-09-19,2025-09-24,"BSE, NSE",99,105.0,6.06,6.0,47.85,227.08,120.8,148.5,200.00,14.00,4.50,74.50,Arihant Capital,0.0,0,0,0,2025,2,0,5.0072963928307415,138.094,Apply
Euro Pratik Sales Ltd. IPO,2025-09-16,2025-09-18,2025-09-23,"BSE, NSE",247,273.45,10.71,26.45,1.31,2.02,1.1,451.31,280.00,19.00,6.20,74.90,Axis Capital,0.0,0,0,0,2025,2,0,6.114367785458937,1.418,Apply
Shringar House of Mangalsutra Ltd. IPO,2025-09-10,2025-09-12,2025-09-17,"BSE, NSE",165,188.5,14.24,23.5,27.26,82.58,101.41,400.95,160.00,10.00,3.00,74.90,Choice Capital,0.0,0,0,0,2025,2,0,5.99632770277397,80.931,Apply
Dev Accelerator Ltd. IPO,2025-09-10,2025-09-12,2025-09-17,"BSE, NSE",61,61.3,0.49,0.299999999999997,164.89,87.97,20.3,143.35,110.00,9.00,3.60,74.50,Pantomath Capital,0.0,0,0,0,2025,2,0,4.972240906108944,69.519,Apply
Amanta Healthcare Ltd. IPO,2025-09-01,2025-09-03,2025-09-09,"BSE, NSE",126,135.0,7.14,9.0,54.96,209.4,35.86,126.0,390.00,40.00,10.50,70.00,Beeline Capital,0.0,0,0,0,2025,2,0,4.844187086458591,91.742,Apply
Anlon Healthcare Ltd. IPO,2025-08-26,2025-08-29,2025-09-03,"BSE, NSE",91,92.0,1.1,1.0,47.26,10.61,1.07,121.03,140.00,8.50,3.10,74.90,Interactive Financial,0.0,0,0,0,2025,3,0,4.804266916143749,13.17,Neutral
Vikran Engineering Ltd. IPO,2025-08-26,2025-08-29,2025-09-03,"BSE, NSE",97,99.7,2.78,2.7,11.56,61.77,20.51,772.0,210.00,12.00,4.00,70.00,Pantomath Capital,0.0,0,0,0,2025,3,0,6.650279048587422,31.098000000000003,Apply
Mangal Electrical Industries Ltd. IPO,2025-08-20,2025-08-22,2025-08-28,"BSE, NSE",561,556.0,-0.89,-5.0,5.09,19.78,11.09,400.0,250.00,16.00,5.00,74.50,Systematix Corporate,0.0,0,0,0,2025,2,0,5.993961427306569,12.497,Avoid
Vikram Solar Ltd. IPO,2025-08-19,2025-08-21,2025-08-26,"BSE, NSE",332,338.0,1.81,6.0,7.98,52.87,145.1,0.0,"2,200.00",-160.00,Negative,72.00,JM Financial,0.0,0,0,0,2025,2,0,0.0,90.007,Apply
Shreeji Shipping Global Ltd. IPO,2025-08-19,2025-08-21,2025-08-26,"BSE, NSE",252,271.85,7.88,19.85,21.92,72.7,110.41,410.71,180.00,15.00,5.50,74.50,Beeline Capital,0.0,0,0,0,2025,2,0,6.0203192180120855,81.399,Apply
Patel Retail Ltd. IPO,2025-08-19,2025-08-21,2025-08-26,"BSE, NSE",255,300.0,17.65,45.0,42.55,108.11,272.14,242.66,130.00,7.50,2.80,74.90,Fedex Securities,0.0,0,0,0,2025,2,0,5.495773810926261,177.01299999999998,Apply
Gem Aromatics Ltd. IPO,2025-08-19,2025-08-21,2025-08-26,"BSE, NSE",325,333.1,2.49,8.10000000000002,10.49,45.96,53.76,451.25,220.00,14.00,4.20,70.00,Motilal Oswal Investment,0.0,0,0,0,2025,2,0,6.114235124275405,42.766,Apply
Regaal Resources Ltd. IPO,2025-08-12,2025-08-14,2025-08-20,"BSE, NSE",102,141.0,38.24,39.0,57.75,356.72,190.96,306.0,150.00,11.00,3.80,74.50,Pantomath Capital,0.0,0,0,0,2025,2,0,5.726847747587197,214.046,Apply
BlueStone Jewellery & Lifestyle Ltd. IPO,2025-08-11,2025-08-13,2025-08-19,"BSE, NSE",517,510.0,-1.35,-7.0,1.38,0.57,4.25,0.0,486.00,-41.80,Negative,35.00,Axis Capital,0.0,0,0,0,2025,2,0,0.0,2.572,Avoid
All Time Plastics Ltd. IPO,2025-08-07,2025-08-11,2025-08-14,"BSE, NSE",275,314.3,14.29,39.3,5.36,14.01,10.3,400.6,400.00,28.00,6.50,70.00,Intensive Fiscal,0.0,0,0,0,2025,4,0,5.995456568377519,10.425,Apply
JSW Cement Ltd. IPO,2025-08-07,2025-08-11,2025-08-14,"BSE, NSE",147,153.5,4.42,6.5,1.91,11.6,16.71,0.0,"10,480.00",400.00,0,0,JM Financial,0.0,0,0,0,2025,4,0,0.0,12.217,Neutral
Highway Infrastructure Ltd. IPO,2025-08-05,2025-08-07,2025-08-12,"BSE, NSE",70,117.0,67.14,47.0,164.48,473.1,432.71,130.0,450.00,35.00,7.50,74.00,Pantomath Capital,0.0,0,0,0,2025,2,0,4.875197323201151,391.181,Apply
Sri Lotus Developers & Realty Ltd. IPO,2025-07-30,2025-08-01,2025-08-06,"BSE, NSE",150,178.0,18.67,28.0,21.77,61.82,175.61,792.0,160.00,12.00,4.00,74.50,Motilal Oswal Investment,0.0,0,0,0,2025,2,0,6.675823221634848,110.705,Apply
National Securities Depository Ltd. IPO (NSDL IPO),2025-07-30,2025-08-01,2025-08-06,BSE,800,880.0,10.0,80.0,7.76,34.98,103.97,0.0,"1,050.00",230.00,0,NA ,ICICI Securities,0.0,0,0,0,2025,2,0,0.0,64.031,Apply
M&B Engineering Ltd. IPO,2025-07-30,2025-08-01,2025-08-06,"BSE, NSE",385,385.0,0.0,0.0,34.36,40.22,38.63,650.0,170.00,10.50,3.50,74.90,Equirus Capital,0.0,0,0,0,2025,2,0,6.478509642208569,38.253,Avoid
Aditya Infotech Ltd. IPO,2025-07-29,2025-07-31,2025-08-05,"BSE, NSE",675,1015.0,50.37,340.0,53.81,75.93,140.5,0.0,550.00,30.00,5.00,70.00,ICICI Securities,0.0,0,0,0,2025,2,0,0.0,103.791,Apply
Laxmi India Finance Ltd. IPO,2025-07-29,2025-07-31,2025-08-05,"BSE, NSE",158,137.52,-12.96,-20.48,2.2,1.83,1.3,254.26,130.00,8.00,2.90,74.50,PL Capital,0.0,0,0,0,2025,2,0,5.542282633554545,1.6390000000000002,Avoid
Shanti Gold International Ltd. IPO,2025-07-25,2025-07-29,2025-08-01,"BSE, NSE",199,227.55,14.35,28.55,29.73,151.17,117.33,360.11,200.00,12.00,4.00,74.90,Choice Capital,0.0,0,0,0,2025,4,0,5.889182621059753,109.962,Apply
GNG Electronics Ltd. IPO,2025-07-23,2025-07-25,2025-07-30,"BSE, NSE",237,355.0,49.79,118.0,47.36,226.44,266.21,460.43,140.00,8.50,3.10,74.00,Motilal Oswal Investment,0.0,0,0,0,2025,2,0,6.134330363131829,210.509,Apply
Indiqube Spaces Ltd. IPO,2025-07-23,2025-07-25,2025-07-30,"BSE, NSE",237,216.0,-8.86,-21.0,13.28,8.68,15.12,700.0,700.00,40.00,0,NA ,ICICI Securities,0.0,0,0,0,2025,2,0,6.55250788703459,12.82,Avoid
Anthem Biosciences Ltd. IPO,2025-07-14,2025-07-16,2025-07-21,"BSE, NSE",570,723.05,26.85,153.05,5.98,44.7,192.8,0.0,910.00,120.00,18.00,70.00,JM Financial,0.0,0,0,0,2025,2,0,0.0,111.006,Apply
Smartworks Coworking Spaces Ltd. IPO,2025-07-10,2025-07-14,2025-07-17,"BSE, NSE",407,435.0,6.88,28.0,3.69,23.68,24.92,582.56,790.00,-14.00,Negative,56.00,JM Financial,0.0,0,0,0,2025,4,0,6.369147274203694,20.302,Apply
Travel Food Services Ltd. IPO,2025-07-07,2025-07-09,2025-07-14,"BSE, NSE",1100,1125.0,2.27,25.0,0.73,1.67,8.1,0.0,"1,250.00",80.00,12.00,58.00,Kotak Mahindra Capital,0.0,0,0,0,2025,2,0,0.0,4.697,Neutral
Indogulf Cropsciences Ltd. IPO,2025-06-26,2025-06-30,2025-07-03,"BSE, NSE",111,111.0,0.0,0.0,14.97,49.06,31.73,200.0,580.00,45.00,8.00,74.50,Systematix Corporate,0.0,0,0,0,2025,4,0,5.303304908059076,33.577,Avoid
HDB Financial Services Ltd. IPO,2025-06-25,2025-06-27,2025-07-02,"BSE, NSE",740,835.0,12.84,95.0,1.51,10.55,58.64,0.0,"12,410.00","1,957.50",0,NA ,BNP Paribas,0.0,0,0,0,2025,2,0,0.0,32.787,Apply
Sambhv Steel Tubes Ltd. IPO,2025-06-25,2025-06-27,2025-07-02,"BSE, NSE",82,110.0,34.15,28.0,8.56,33.88,66.36,540.0,320.00,20.00,4.50,74.90,Nuvama Wealth Management,0.0,0,0,0,2025,2,0,6.293419278846481,45.056,Apply
Ellenbarrie Industrial Gases Ltd. IPO,2025-06-24,2025-06-26,2025-07-01,"BSE, NSE",400,486.0,21.5,86.0,2.14,15.21,64.23,852.53,160.00,9.00,3.20,74.90,Motilal Oswal Investment,0.0,0,0,0,2025,2,0,6.749380691001656,37.106,Apply
Globe Civil Projects Ltd. IPO,2025-06-24,2025-06-26,2025-07-01,"BSE, NSE",71,90.0,26.76,19.0,53.67,143.14,82.13,119.0,230.00,15.00,5.00,74.50,Mefcom Capital,0.0,0,0,0,2025,2,0,4.787491742782046,94.741,Apply
Arisinfra Solutions Ltd. IPO,2025-06-18,2025-06-20,2025-06-25,"BSE, NSE",222,205.0,-7.66,-17.0,5.9,3.32,1.5,499.6,110.00,7.50,2.70,74.00,JM Financial,0.0,0,0,0,2025,2,0,6.215807378997674,2.926,Avoid
Oswal Pumps Ltd. IPO,2025-06-13,2025-06-17,2025-06-20,"BSE, NSE",614,634.0,3.26,20.0,3.6,36.7,88.08,0.0,190.00,11.00,3.60,74.50,IIFL Capital,0.0,0,0,0,2025,4,0,0.0,55.77,Apply
